{"loss": [0.01300895493477583, 0.008369172923266888, 0.007438661530613899, 0.006831202656030655, 0.006656594108790159, 0.0064028347842395306, 0.006178820040076971, 0.005996687803417444, 0.005839847028255463, 0.005754382815212011, 0.005586754996329546, 0.005442535970360041, 0.005258932709693909, 0.005155057646334171, 0.005007532425224781, 0.004876400344073772, 0.004736256320029497, 0.004593402612954378, 0.004499834030866623, 0.00435556098818779, 0.004207053687423468, 0.004087479319423437, 0.003953446168452501, 0.0038539322558790445, 0.003751959651708603, 0.0036403967533260584, 0.00356085947714746, 0.0034792174119502306, 0.0033967529889196157, 0.0033150697126984596, 0.003251147223636508, 0.003193949582055211, 0.003136715851724148, 0.003078332869336009], "acc_mean": [77.0064468383789, 83.40714263916016, 84.72354125976562, 85.60585021972656, 85.82417297363281, 86.17097473144531, 86.55162811279297, 86.81306457519531, 87.05496215820312, 87.14325714111328, 87.43505859375, 87.64046478271484, 88.00110626220703, 88.14851379394531, 88.37046813964844, 88.58678436279297, 88.81986999511719, 89.09222412109375, 89.24342346191406, 89.51026916503906, 89.7917251586914, 89.9997787475586, 90.26685333251953, 90.44912719726562, 90.63775634765625, 90.85252380371094, 91.01834106445312, 91.1732406616211, 91.34829711914062, 91.52529907226562, 91.6561508178711, 91.77469635009766, 91.89910125732422, 92.02505493164062], "acc_1month": [78.88037872314453, 85.90633392333984, 87.17839813232422, 88.16500091552734, 88.05449676513672, 88.73213195800781, 89.00348663330078, 89.3711166381836, 89.41805267333984, 89.56392669677734, 89.72480010986328, 90.00684356689453, 90.08533477783203, 90.17196655273438, 90.48890686035156, 90.44367980957031, 90.53035736083984, 90.75279235839844, 90.72291564941406, 90.98361206054688, 91.14313507080078, 91.30866241455078, 91.42218017578125, 91.57867431640625, 91.60400390625, 91.76980590820312, 91.87545013427734, 91.94951629638672, 92.08686828613281, 92.19767761230469, 92.30491638183594, 92.3646469116211, 92.42036437988281, 92.55113220214844], "acc_2month": [79.3117904663086, 84.83197784423828, 85.91429138183594, 86.64051055908203, 86.75584411621094, 87.13092803955078, 87.36616516113281, 87.80725860595703, 87.9051284790039, 87.9622802734375, 88.24134826660156, 88.49442291259766, 88.74386596679688, 88.80549621582031, 89.11463165283203, 89.19781494140625, 89.41215515136719, 89.57259368896484, 89.79044342041016, 89.98799896240234, 90.22260284423828, 90.36347198486328, 90.65416717529297, 90.8675537109375, 90.96311950683594, 91.18370056152344, 91.30078887939453, 91.4809799194336, 91.67217254638672, 91.83280181884766, 91.93350219726562, 92.05181121826172, 92.15703582763672, 92.31889343261719], "acc_3month": [79.00672149658203, 83.99060821533203, 85.47694396972656, 85.99258422851562, 86.39007568359375, 86.61460876464844, 87.07129669189453, 87.19734191894531, 87.51122283935547, 87.51092529296875, 87.86962890625, 88.02058410644531, 88.41388702392578, 88.56710815429688, 88.75753784179688, 89.02687072753906, 89.23097229003906, 89.48322296142578, 89.67533874511719, 89.9586410522461, 90.2115478515625, 90.35381317138672, 90.68258666992188, 90.82853698730469, 91.05564880371094, 91.20216369628906, 91.38290405273438, 91.57855224609375, 91.73452758789062, 91.85352325439453, 92.01549530029297, 92.1636734008789, 92.2532958984375, 92.37621307373047], "acc_4month": [78.55091857910156, 84.16400909423828, 85.17561340332031, 85.8681640625, 86.24298858642578, 86.51763916015625, 86.85149383544922, 86.984375, 87.32235717773438, 87.287109375, 87.64962768554688, 87.8082504272461, 88.24698638916016, 88.42536163330078, 88.5184555053711, 88.90973663330078, 89.13220977783203, 89.42239379882812, 89.59782409667969, 89.90032196044922, 90.16270446777344, 90.38849639892578, 90.6675796508789, 90.84991455078125, 91.1279067993164, 91.31876373291016, 91.46002960205078, 91.60102081298828, 91.77471160888672, 91.98868560791016, 92.0927963256836, 92.2210693359375, 92.37195587158203, 92.45368957519531], "acc_5month": [77.9454574584961, 83.98828125, 84.85762786865234, 85.67024230957031, 86.01201629638672, 86.21966552734375, 86.56209564208984, 86.70976257324219, 86.98918151855469, 87.19257354736328, 87.39286041259766, 87.5504379272461, 88.0478515625, 88.120361328125, 88.39083862304688, 88.6440200805664, 88.96743774414062, 89.27576446533203, 89.46482849121094, 89.7166519165039, 90.04801177978516, 90.31611633300781, 90.55049133300781, 90.718994140625, 91.01697540283203, 91.23355865478516, 91.41193389892578, 91.5860366821289, 91.7350082397461, 91.92546844482422, 92.0937271118164, 92.1996078491211, 92.33507537841797, 92.41124725341797], "acc_6month": [76.20171356201172, 83.2042007446289, 84.49138641357422, 85.63948059082031, 85.64408111572266, 85.85444641113281, 86.31571197509766, 86.4996337890625, 86.7679214477539, 86.94308471679688, 87.09403228759766, 87.31434631347656, 87.63418579101562, 87.8651351928711, 87.99546813964844, 88.225341796875, 88.49165344238281, 88.74099731445312, 88.90573120117188, 89.15880584716797, 89.4846420288086, 89.71378326416016, 89.9726791381836, 90.15784454345703, 90.30736541748047, 90.5768051147461, 90.81281280517578, 90.95747375488281, 91.14225769042969, 91.33601379394531, 91.43917083740234, 91.55870819091797, 91.72327423095703, 91.8511962890625], "val_loss": [0.025619378313422203, 0.007821746170520782, 0.00889766588807106, 0.006733835209161043, 0.006753790657967329, 0.006858250126242638, 0.0063329171389341354, 0.00688603101298213, 0.006177802104502916, 0.006481399293988943, 0.006379009690135717, 0.006270052865147591, 0.006489296443760395, 0.006524349097162485, 0.006560169626027346, 0.006736006122082472, 0.006359410937875509, 0.0064841024577617645, 0.006862196139991283, 0.006720033474266529, 0.006819865200668573, 0.007048920262604952, 0.007296929135918617, 0.0068362122401595116, 0.0071835704147815704, 0.007337959483265877, 0.007489403244107962, 0.007669475860893726, 0.007787898648530245, 0.007622496224939823, 0.007653937209397554, 0.0077646393328905106, 0.007958142086863518, 0.008191357366740704], "val_acc_mean": [76.15474700927734, 84.33924865722656, 84.63787078857422, 85.9360122680664, 85.89601135253906, 85.73492431640625, 86.54566955566406, 85.74295043945312, 86.6535873413086, 86.40211486816406, 86.3837661743164, 86.73456573486328, 86.47818756103516, 86.25013732910156, 86.39462280273438, 86.21900177001953, 86.69409942626953, 86.8094711303711, 86.45726776123047, 86.74223327636719, 86.73754119873047, 86.82032775878906, 86.58064270019531, 87.04305267333984, 86.7534408569336, 86.83898162841797, 86.8720474243164, 86.66289520263672, 86.6968002319336, 86.8817138671875, 86.89962768554688, 86.93585205078125, 86.7987060546875, 86.75778198242188], "val_acc_1month": [79.1162109375, 86.7474365234375, 87.46446228027344, 88.22422790527344, 88.48998260498047, 87.47415924072266, 89.1227035522461, 89.32759857177734, 89.88618469238281, 89.1510238647461, 88.77656555175781, 89.81715393066406, 90.03508758544922, 89.69245910644531, 89.59275817871094, 89.32820129394531, 89.77518463134766, 89.31587219238281, 90.1064224243164, 90.24173736572266, 90.25785064697266, 90.17418670654297, 89.99372863769531, 90.33284759521484, 90.24945831298828, 90.20442962646484, 90.22168731689453, 90.14767456054688, 89.95362854003906, 90.20613098144531, 90.1641616821289, 90.31553649902344, 90.16958618164062, 90.13074493408203],