{"loss": [0.013967037200927734, 0.008248794823884964, 0.007631849963217974, 0.007216779049485922, 0.0067242891527712345, 0.006411516573280096, 0.006375981494784355, 0.006126617547124624, 0.0061625209636986256, 0.005905396305024624, 0.005795113276690245, 0.005729589145630598, 0.0056777154095470905, 0.00536596542224288, 0.005282086320221424, 0.005136983003467321, 0.005031195934861898, 0.004932814743369818, 0.004832257051020861, 0.0046589854173362255, 0.004554993472993374, 0.004447293002158403, 0.004332088865339756, 0.004198369570076466, 0.004133045673370361, 0.004010431002825499, 0.003915581852197647, 0.00382165121845901, 0.0037450590170919895, 0.003675792831927538, 0.0035920627415180206, 0.003518986515700817, 0.0034580775536596775, 0.0033950151409953833, 0.0033397239167243242, 0.003292191307991743], "acc_mean": [76.04862976074219, 83.61170959472656, 84.48184204101562, 85.0615234375, 85.80728149414062, 86.28886413574219, 86.31769561767578, 86.70362854003906, 86.63932800292969, 87.00635528564453, 87.18380737304688, 87.24769592285156, 87.32321166992188, 87.84403228759766, 87.99192810058594, 88.21060180664062, 88.36924743652344, 88.52943420410156, 88.69872283935547, 89.00909423828125, 89.1662826538086, 89.3603744506836, 89.56714630126953, 89.81422424316406, 89.9362564086914, 90.14171600341797, 90.33531188964844, 90.51773071289062, 90.66815185546875, 90.79973602294922, 90.96272277832031, 91.10980987548828, 91.22956085205078, 91.36531066894531, 91.47408294677734, 91.57137298583984], "acc_1month": [77.06692504882812, 86.08445739746094, 87.18228912353516, 87.659912109375, 88.45755004882812, 88.80330657958984, 88.87308502197266, 89.19305419921875, 89.17975616455078, 89.47566986083984, 89.60836791992188, 89.6372299194336, 89.81452941894531, 89.98272705078125, 90.12678527832031, 90.30785369873047, 90.36730194091797, 90.43513488769531, 90.57986450195312, 90.75041198730469, 90.7985610961914, 90.952392578125, 91.03511047363281, 91.1445083618164, 91.22689056396484, 91.34351348876953, 91.4709243774414, 91.59346008300781, 91.69760131835938, 91.75506591796875, 91.84068298339844, 91.9323501586914, 92.03582763671875, 92.09868621826172, 92.17506408691406, 92.20802307128906], "acc_2month": [78.04081726074219, 84.92154693603516, 85.54417419433594, 86.33087921142578, 86.71807098388672, 87.19628143310547, 87.27760314941406, 87.54438781738281, 87.27597045898438, 87.76822662353516, 88.03955078125, 88.03189086914062, 88.10826110839844, 88.58352661132812, 88.7264633178711, 88.95903015136719, 88.97362518310547, 89.160888671875, 89.31265258789062, 89.57534790039062, 89.71248626708984, 89.84004974365234, 90.05767822265625, 90.3204116821289, 90.40088653564453, 90.60686492919922, 90.72876739501953, 90.92662048339844, 91.05400085449219, 91.19945526123047, 91.311767578125, 91.46846771240234, 91.58419036865234, 91.68838500976562, 91.75460052490234, 91.89441680908203], "acc_3month": [78.95730590820312, 84.79402923583984, 85.2212905883789, 85.76282501220703, 86.47734069824219, 86.84159088134766, 86.85986328125, 87.19790649414062, 86.86512756347656, 87.45641326904297, 87.63872528076172, 87.65750122070312, 87.71658325195312, 88.21713256835938, 88.4032211303711, 88.63929748535156, 88.7691421508789, 88.97087860107422, 89.08157348632812, 89.41667175292969, 89.55367279052734, 89.75989532470703, 89.9719467163086, 90.21660614013672, 90.37088775634766, 90.56419372558594, 90.77694702148438, 90.96094512939453, 91.10678100585938, 91.20860290527344, 91.37556457519531, 91.52452850341797, 91.60095977783203, 91.74588012695312, 91.88326263427734, 91.97368621826172], "acc_4month": [77.44160461425781, 84.27423858642578, 84.798583984375, 85.23503875732422, 86.0088119506836, 86.45931243896484, 86.53250122070312, 87.00611877441406, 86.78591918945312, 87.2620620727539, 87.40723419189453, 87.42769622802734, 87.55123901367188, 88.04661560058594, 88.23599243164062, 88.46835327148438, 88.63968658447266, 88.80146026611328, 89.00149536132812, 89.37275695800781, 89.52156066894531, 89.780517578125, 90.01007080078125, 90.2339096069336, 90.34735870361328, 90.59566497802734, 90.80705261230469, 90.98194885253906, 91.11219024658203, 91.24518585205078, 91.392333984375, 91.4893569946289, 91.67375183105469, 91.80612182617188, 91.883056640625, 91.97854614257812], "acc_5month": [77.08905792236328, 84.05699920654297, 84.8808364868164, 85.11729431152344, 85.96478271484375, 86.34851837158203, 86.37530517578125, 86.70508575439453, 86.81985473632812, 87.0596694946289, 87.23026275634766, 87.34371948242188, 87.27073669433594, 87.9444580078125, 88.07750701904297, 88.2479476928711, 88.49046325683594, 88.6739273071289, 88.84793853759766, 89.19330596923828, 89.41532135009766, 89.61017608642578, 89.8678207397461, 90.12433624267578, 90.23894500732422, 90.47296905517578, 90.67930603027344, 90.8708724975586, 91.04134368896484, 91.21110534667969, 91.38787841796875, 91.5543212890625, 91.65271759033203, 91.80453491210938, 91.90689849853516, 92.01754760742188], "acc_6month": [75.42030334472656, 82.94677734375, 84.24141693115234, 84.77822875976562, 85.55699157714844, 86.09536743164062, 86.0208740234375, 86.46552276611328, 86.7512435913086, 86.73353576660156, 86.90900421142578, 87.10418701171875, 87.03742218017578, 87.60621643066406, 87.64554595947266, 87.83538818359375, 88.07136535644531, 88.21690368652344, 88.32376861572266, 88.60567474365234, 88.80280303955078, 88.95674133300781, 89.16497039794922, 89.42623138427734, 89.59515380859375, 89.78727722167969, 89.9605712890625, 90.11351776123047, 90.30401611328125, 90.46387481689453, 90.66516876220703, 90.84812927246094, 90.93498992919922, 91.11064147949219, 91.25419616699219, 91.3614730834961], "val_loss": [0.009638030081987381, 0.009211070835590363, 0.007235275581479073, 0.007904176600277424, 0.008435932919383049, 0.007473178207874298, 0.007112490478903055, 0.006498206406831741, 0.006807383615523577, 0.006434271577745676, 0.006837934255599976, 0.00684236129745841, 0.0066959448158741, 0.006549366284161806, 0.006566570606082678, 0.006594199221581221, 0.006509050261229277, 0.006650460418313742, 0.006662113592028618, 0.007087580393999815, 0.00667337654158473, 0.006910954136401415, 0.006891973316669464, 0.007180447224527597, 0.007261359598487616, 0.006826399825513363, 0.007237277925014496, 0.007221853826195002, 0.007218611892312765, 0.007246755994856358, 0.007781927473843098, 0.007540460675954819, 0.007780648302286863, 0.00801538024097681, 0.00793419312685728, 0.008031914941966534], "val_acc_mean": [81.29234313964844, 81.72208404541016, 85.21031188964844, 84.44429779052734, 84.81079864501953, 84.76547241210938, 85.43150329589844, 86.26709747314453, 86.02680206298828, 86.5493392944336, 85.80587005615234, 85.80702209472656, 86.17474365234375, 86.36273956298828, 86.2951431274414, 86.4112548828125, 86.56575012207031, 86.58685302734375, 86.37287902832031, 86.10710144042969, 86.66664123535156, 86.52798461914062, 86.4117202758789, 86.1032485961914, 86.19085693359375, 86.73922729492188, 86.47868347167969, 86.44355773925781, 86.56946563720703, 86.67562103271484, 86.34829711914062, 86.55900573730469, 86.4959716796875, 86.3380355834961, 86.47872161865234, 86.48670959472656], "val_acc_1month": [85.06071472167969, 82.31368255615234, 88.1031494140625, 87.28821563720703, 88.56603240966797, 88.35685729980469, 88.58837890625, 89.40248107910156, 88.81058502197266, 89.45803833007812, 89.2457504272461, 89.29735565185547, 89.58141326904297, 89.75420379638672, 89.33390045166016, 89.78067016601562, 89.4772720336914, 90.16810607910156, 90.050048828125, 89.32074737548828, 90.1352310180664, 89.47074890136719, 89.96967315673828, 89.38484954833984, 89.43568420410156, 90.0459976196289, 89.59785461425781, 89.95997619628906, 89.88689422607422, 90.21484375, 89.513427734375, 89.98644256591797, 89.83084869384766, 89.74708557128906, 89.68232727050781, 89.87484741210938],