{"loss": [0.013436422683298588, 0.008333969861268997, 0.007622511591762304, 0.0070807370357215405, 0.00672550406306982, 0.0063956789672374725, 0.0062739793211221695, 0.0060989875346422195, 0.005977521184831858, 0.005782086867839098, 0.005679634399712086, 0.005513261537998915, 0.005341329146176577, 0.005251083988696337, 0.0051114740781486034, 0.004981831181794405, 0.004817941691726446, 0.004736693575978279, 0.0045642671175301075, 0.004483270458877087, 0.004328895825892687, 0.0042123193852603436, 0.0041137151420116425, 0.004012112505733967, 0.003937556408345699, 0.00382560258731246, 0.003736659651622176, 0.0036453926004469395], "acc_mean": [76.306640625, 83.47229766845703, 84.5572509765625, 85.30596160888672, 85.80220794677734, 86.28118896484375, 86.46485137939453, 86.70772552490234, 86.90538787841797, 87.19351959228516, 87.32241821289062, 87.57140350341797, 87.86743927001953, 87.96269226074219, 88.25198364257812, 88.41985321044922, 88.70270538330078, 88.85437774658203, 89.14772033691406, 89.29485321044922, 89.5693130493164, 89.78365325927734, 89.96883392333984, 90.16485595703125, 90.3077163696289, 90.50154113769531, 90.69793701171875, 90.87030029296875], "acc_1month": [77.39313507080078, 85.75569915771484, 87.08975219726562, 87.88084411621094, 88.4451675415039, 89.0443344116211, 89.16800689697266, 89.4053726196289, 89.48616027832031, 89.65132904052734, 89.78742980957031, 89.98912811279297, 90.13204193115234, 90.17422485351562, 90.4157485961914, 90.51502227783203, 90.69518280029297, 90.74337768554688, 90.92292022705078, 90.98182678222656, 91.13611602783203, 91.29131317138672, 91.3885498046875, 91.49424743652344, 91.61940002441406, 91.68401336669922, 91.79802703857422, 91.9274673461914], "acc_2month": [77.79898071289062, 84.83291625976562, 85.7342758178711, 86.07646179199219, 86.69001770019531, 87.24655151367188, 87.45398712158203, 87.54022216796875, 87.6829833984375, 87.99285888671875, 88.12311553955078, 88.34664916992188, 88.48760986328125, 88.62397766113281, 88.91887664794922, 89.0785903930664, 89.36831665039062, 89.3742904663086, 89.69535064697266, 89.8154525756836, 90.05540466308594, 90.26058959960938, 90.47407531738281, 90.67510986328125, 90.77454376220703, 90.93817138671875, 91.10467529296875, 91.30403137207031], "acc_3month": [77.25349426269531, 84.16344451904297, 85.34923553466797, 85.8281478881836, 86.3453598022461, 86.6927719116211, 86.8790054321289, 87.03775024414062, 87.34568786621094, 87.59295654296875, 87.69575500488281, 87.90586853027344, 88.25877380371094, 88.4132308959961, 88.50509643554688, 88.78123474121094, 89.12083435058594, 89.18219757080078, 89.46218872070312, 89.66971588134766, 89.94912719726562, 90.17430877685547, 90.27741241455078, 90.4939193725586, 90.68704223632812, 90.84835052490234, 91.0300064086914, 91.22537231445312], "acc_4month": [78.65860748291016, 84.10555267333984, 85.04328155517578, 85.76591491699219, 86.1674575805664, 86.48291015625, 86.54895782470703, 86.94776916503906, 87.2247314453125, 87.28350067138672, 87.52869415283203, 87.69756317138672, 88.20059204101562, 88.26580810546875, 88.46826171875, 88.72312927246094, 88.93310546875, 89.12194061279297, 89.48558807373047, 89.66700744628906, 89.938232421875, 90.13463592529297, 90.3368148803711, 90.50670623779297, 90.64686584472656, 90.85791778564453, 91.06681060791016, 91.24127197265625], "acc_5month": [78.1638412475586, 83.91216278076172, 84.87996673583984, 85.60175323486328, 85.95812225341797, 86.29940795898438, 86.364501953125, 86.70952606201172, 86.88129425048828, 87.14781188964844, 87.33477783203125, 87.54589080810547, 87.84521484375, 87.97972869873047, 88.27656555175781, 88.39665985107422, 88.66395568847656, 88.972900390625, 89.20787048339844, 89.3841552734375, 89.76084899902344, 89.91405487060547, 90.09777069091797, 90.34253692626953, 90.53280639648438, 90.7746810913086, 90.968994140625, 91.15269470214844], "acc_6month": [75.87818145751953, 83.40901184082031, 84.09320831298828, 85.2166519165039, 85.46315002441406, 85.85694885253906, 86.25146484375, 86.34870910644531, 86.4432373046875, 86.89094543457031, 86.85574340820312, 87.20181274414062, 87.43525695800781, 87.40263366699219, 87.78646087646484, 87.90923309326172, 88.20491790771484, 88.37645721435547, 88.669677734375, 88.79263305664062, 89.04859924316406, 89.30093383789062, 89.53471374511719, 89.72417449951172, 89.852294921875, 90.11129760742188, 90.34136199951172, 90.4584732055664], "val_loss": [0.015007206238806248, 0.010162060149013996, 0.007536614779382944, 0.007668443489819765, 0.006932708900421858, 0.006822418887168169, 0.006552266888320446, 0.007983790710568428, 0.006928956601768732, 0.0071649146266281605, 0.006590018514543772, 0.007802989799529314, 0.0069955806247889996, 0.006426893174648285, 0.0065458123572170734, 0.006451610010117292, 0.006724967621266842, 0.006445123814046383, 0.006669774651527405, 0.006771141197532415, 0.00690112542361021, 0.006862197536975145, 0.007249163929373026, 0.007420864421874285, 0.007384040392935276, 0.007580969482660294, 0.007284003309905529, 0.007839180529117584], "val_acc_mean": [79.71879577636719, 81.28366088867188, 84.62395477294922, 84.60108184814453, 85.61538696289062, 85.91609191894531, 86.31361389160156, 85.17687225341797, 85.31736755371094, 85.84800720214844, 86.21418762207031, 84.61134338378906, 85.93782806396484, 86.29280090332031, 86.57914733886719, 86.62345123291016, 86.26034545898438, 87.051025390625, 86.75285339355469, 86.62411499023438, 86.74366760253906, 86.4800033569336, 86.45274353027344, 86.40931701660156, 86.43803405761719, 86.40001678466797, 86.62181854248047, 86.31690216064453], "val_acc_1month": [80.59162139892578, 83.80213928222656, 86.84566497802734, 88.44692993164062, 89.0167465209961, 89.41722869873047, 89.61625671386719, 88.68622589111328, 88.49798583984375, 89.51786041259766, 89.41596221923828, 87.03582763671875, 88.9787826538086, 88.85282897949219, 90.18196868896484, 90.08560180664062, 89.79627990722656, 90.33422088623047, 90.18212890625, 90.21812438964844, 90.36308288574219, 90.10384368896484, 90.22087097167969, 90.08604431152344, 90.1279525756836, 90.11507415771484, 90.38822937011719, 90.04949951171875], "val_acc_2month": [84.02326965332031, 81.59024047851562, 85.93093872070312, 85.43685150146484, 87.12225341796875, 87.44694519042969, 87.57129669189453, 86.63511657714844, 86.48906707763672, 87.70075988769531, 87.53919219970703, 84.83753204345703, 86.97417449951172, 87.34573364257812, 88.19104766845703, 88.11483764648438, 87.21857452392578, 88.1733169555664, 87.9818344116211, 88.04081726074219, 88.20355224609375, 87.62251281738281, 87.67515563964844, 87.71871185302734, 87.65003967285156, 87.7332534790039, 87.88882446289062, 87.42426300048828], "val_acc_3month": [82.3151626586914, 83.17230224609375, 84.94950866699219, 84.8380126953125, 86.17445373535156, 86.2425308227539, 86.7493896484375, 85.78097534179688, 85.94247436523438, 86.71590423583984, 86.6646728515625, 85.0164794921875, 86.23088836669922, 87.07516479492188, 86.95751953125, 87.25585174560547, 86.18637084960938, 87.35481262207031, 86.96366882324219, 86.82579040527344, 87.10582733154297, 86.66067504882812, 86.63362121582031, 86.50361633300781, 86.70625305175781, 86.58000946044922, 87.00663757324219, 86.7418441772461], "val_acc_4month": [81.65155792236328, 82.44395446777344, 84.6974868774414, 83.98147583007812, 85.27933502197266, 85.7822265625, 86.3046875, 85.85956573486328, 85.23480224609375, 85.59783935546875, 86.17890167236328, 85.61164093017578, 85.98070526123047, 86.6981201171875, 86.335693359375, 86.35083770751953, 86.2698745727539, 86.85787200927734, 86.53244018554688, 86.3968276977539, 86.4273910522461, 86.40565490722656, 86.1324691772461, 86.29289245605469, 86.15682983398438, 86.20919036865234, 86.23165130615234, 86.25780487060547],