{"loss": [0.013637827709317207, 0.008299565874040127, 0.007685362361371517, 0.006797704380005598, 0.006612376309931278, 0.006457099691033363, 0.006123855710029602, 0.005963834468275309, 0.005917787551879883, 0.00569448946043849, 0.005561414174735546, 0.00542583130300045, 0.005341263022273779, 0.005160794127732515, 0.0050390963442623615, 0.00488343695178628, 0.004751389846205711, 0.004608786199241877, 0.00445649353787303, 0.004342693369835615, 0.004188106395304203, 0.004092260263860226, 0.003965101670473814, 0.0038863595109432936, 0.0037629136350005865, 0.0036630562972277403, 0.0035653593949973583, 0.0034852453973144293, 0.00340887694619596, 0.003341099712997675, 0.0032730179373174906], "acc_mean": [76.27629852294922, 83.38118743896484, 84.3094253540039, 85.72898864746094, 85.91046142578125, 86.1874008178711, 86.66543579101562, 86.91600799560547, 86.95647430419922, 87.29271697998047, 87.52058410644531, 87.73641204833984, 87.8555679321289, 88.12800598144531, 88.3293685913086, 88.60836791992188, 88.8123550415039, 89.06761169433594, 89.34156036376953, 89.52854919433594, 89.81222534179688, 89.99545288085938, 90.22754669189453, 90.38976287841797, 90.62926483154297, 90.816650390625, 91.01459503173828, 91.16793060302734, 91.33392333984375, 91.47348022460938, 91.62446594238281], "acc_1month": [77.3284912109375, 85.7812271118164, 86.84913635253906, 88.24417877197266, 88.26724243164062, 88.8202896118164, 89.0936279296875, 89.25248718261719, 89.45024871826172, 89.63507080078125, 89.89122009277344, 89.89527130126953, 90.07231903076172, 90.20557403564453, 90.31629180908203, 90.46015930175781, 90.6502685546875, 90.76113891601562, 90.94007110595703, 90.97242736816406, 91.17816162109375, 91.29984283447266, 91.43807983398438, 91.51687622070312, 91.68550109863281, 91.75491333007812, 91.90614318847656, 92.00361633300781, 92.09765625, 92.19942474365234, 92.33651733398438], "acc_2month": [78.37855529785156, 84.86043548583984, 85.58946228027344, 86.8735122680664, 86.9214859008789, 87.28697967529297, 87.67819213867188, 87.9371566772461, 87.80577850341797, 88.1027603149414, 88.34575653076172, 88.44112396240234, 88.61690521240234, 88.85340118408203, 89.01537322998047, 89.21659088134766, 89.45430755615234, 89.59306335449219, 89.82489776611328, 89.98534393310547, 90.24092864990234, 90.45853424072266, 90.62301635742188, 90.78888702392578, 90.98584747314453, 91.18274688720703, 91.34392547607422, 91.4717788696289, 91.64149475097656, 91.77507781982422, 91.9384994506836], "acc_3month": [78.00929260253906, 84.08464050292969, 84.9625473022461, 86.2783203125, 86.41532135009766, 86.6424331665039, 87.12911224365234, 87.36734008789062, 87.25459289550781, 87.6944580078125, 87.86180877685547, 88.10638427734375, 88.20359802246094, 88.48091125488281, 88.6738510131836, 88.97674560546875, 89.13982391357422, 89.44107055664062, 89.67425537109375, 89.88803100585938, 90.19035339355469, 90.2903823852539, 90.57547760009766, 90.7563247680664, 90.94542694091797, 91.18513488769531, 91.33869171142578, 91.48070526123047, 91.6893081665039, 91.80587005615234, 91.96250915527344], "acc_4month": [78.02245330810547, 84.13878631591797, 84.81351470947266, 86.01193237304688, 86.12564849853516, 86.34516906738281, 86.90969848632812, 87.1132583618164, 87.14741516113281, 87.5260238647461, 87.77550506591797, 87.98431396484375, 88.11137390136719, 88.38233947753906, 88.59632110595703, 88.92230224609375, 89.10997772216797, 89.40238189697266, 89.70073699951172, 90.01463317871094, 90.23789978027344, 90.41439056396484, 90.62572479248047, 90.83277893066406, 91.0473861694336, 91.2238540649414, 91.43865203857422, 91.60877227783203, 91.7594223022461, 91.90081024169922, 92.0572280883789], "acc_5month": [77.71675872802734, 83.93622589111328, 84.70321655273438, 85.87830352783203, 85.99047088623047, 86.19204711914062, 86.69010162353516, 86.88906860351562, 86.98828125, 87.21453857421875, 87.50818634033203, 87.74359130859375, 87.84902954101562, 88.1675796508789, 88.37287902832031, 88.69605255126953, 88.91725158691406, 89.1914291381836, 89.53997802734375, 89.7096176147461, 90.0654525756836, 90.23922729492188, 90.53538513183594, 90.68360137939453, 90.97122955322266, 91.16773223876953, 91.41242980957031, 91.54707336425781, 91.69185638427734, 91.87751770019531, 91.97972869873047], "acc_6month": [75.62885284423828, 83.03274536132812, 83.92542266845703, 85.35430145263672, 85.7944107055664, 85.86717224121094, 86.34456634521484, 86.57426452636719, 86.64247131347656, 86.98534393310547, 87.0748062133789, 87.4334487915039, 87.56578826904297, 87.74276733398438, 87.9918441772461, 88.29224395751953, 88.4330825805664, 88.7062759399414, 89.02786254882812, 89.19817352294922, 89.43132781982422, 89.68814849853516, 89.95307922363281, 90.0622787475586, 90.37026977539062, 90.58450317382812, 90.74817657470703, 90.9513168334961, 91.11669921875, 91.23965454101562, 91.39563751220703], "val_loss": [0.00987270288169384, 0.008528460748493671, 0.007500123232603073, 0.007197766564786434, 0.007465824484825134, 0.006909280549734831, 0.006704589352011681, 0.0067729162983596325, 0.0065105683170259, 0.0066260299645364285, 0.006645537447184324, 0.007106836419552565, 0.006449705921113491, 0.006610468029975891, 0.0072461203671991825, 0.007107865530997515, 0.006790815386921167, 0.006504883524030447, 0.006917486432939768, 0.006464843172580004, 0.00665025832131505, 0.00722782826051116, 0.006732466164976358, 0.007212994620203972, 0.007255208678543568, 0.0070149656385183334, 0.0076823909766972065, 0.007319767028093338, 0.007539066951721907, 0.007638346403837204, 0.007952814921736717], "val_acc_mean": [80.725830078125, 82.50848388671875, 84.71076202392578, 85.16876220703125, 84.81768798828125, 85.46082305908203, 85.91083526611328, 85.79753875732422, 86.48696899414062, 86.17353057861328, 86.12773132324219, 85.82064056396484, 86.5540771484375, 86.6378402709961, 85.91393280029297, 86.30805206298828, 86.57039642333984, 86.8895034790039, 86.44584655761719, 86.70846557617188, 86.94642639160156, 86.45447540283203, 86.9034194946289, 86.6382064819336, 86.70352935791016, 86.8882064819336, 86.52538299560547, 86.73609161376953, 86.65947723388672, 86.70435333251953, 86.47577667236328], "val_acc_1month": [83.59466552734375, 84.85362243652344, 87.96985626220703, 87.77838134765625, 87.9358901977539, 88.69417572021484, 88.18335723876953, 88.96163177490234, 89.30715942382812, 89.75086212158203, 89.50011444091797, 89.17529296875, 89.6787109375, 89.87177276611328, 89.47847747802734, 89.30918884277344, 89.98583221435547, 89.82569885253906, 89.70380401611328, 90.05623626708984, 89.99712371826172, 90.02900695800781, 90.0020523071289, 90.10894012451172, 90.19013214111328, 90.022216796875, 89.79047393798828, 90.02840423583984, 89.994384765625, 89.87161254882812, 89.88432312011719], "val_acc_2month": [83.63673400878906, 83.89523315429688, 86.03585052490234, 86.56291198730469, 85.82977294921875, 85.79364776611328, 87.0680160522461, 87.40426635742188, 87.62273406982422, 87.50074768066406, 87.100830078125, 86.41912841796875, 87.9910888671875, 87.85958099365234, 87.01519775390625, 87.25585174560547, 87.57217407226562, 88.0718765258789, 87.49221801757812, 87.7914047241211, 88.13636016845703, 87.74443054199219, 87.98987579345703, 87.95011901855469, 87.72235107421875, 88.02264404296875, 87.53252410888672, 87.75891876220703, 87.79399108886719, 87.73545837402344, 87.5174331665039], "val_acc_3month": [81.60882568359375, 82.63002014160156, 85.28926086425781, 86.037841796875, 85.1617431640625, 85.5982894897461, 86.72505187988281, 86.29969024658203, 86.84746551513672, 85.99764251708984, 86.71472930908203, 86.17677307128906, 87.07061767578125, 86.8965835571289, 85.85698699951172, 86.66616821289062, 87.01500701904297, 87.18998718261719, 86.6845703125, 87.00081634521484, 87.24942016601562, 86.6739273071289, 87.08081817626953, 86.90052032470703, 86.79673767089844, 87.19935607910156, 86.68829345703125, 86.8580551147461, 87.02039337158203, 86.9802474975586, 86.90328979492188],