{"loss": [0.012569017708301544, 0.008484871126711369, 0.00770516786724329, 0.0070218355394899845, 0.006716431584209204, 0.006425117142498493, 0.0062270094640553, 0.0061022634617984295, 0.005958044435828924, 0.005766356363892555, 0.005663878750056028, 0.005569023080170155, 0.0054008993320167065, 0.005222349893301725, 0.005150957964360714, 0.004995270632207394, 0.004801386035978794, 0.004685544408857822, 0.004538352135568857, 0.0044288854114711285, 0.004306809976696968, 0.004174666479229927, 0.004064911976456642, 0.003962151240557432, 0.0038293451070785522, 0.0037494467105716467], "acc_mean": [77.51005554199219, 83.16895294189453, 84.37155151367188, 85.35564422607422, 85.75947570800781, 86.2404556274414, 86.5249252319336, 86.7001953125, 86.90872955322266, 87.15617370605469, 87.32437896728516, 87.4544448852539, 87.74778747558594, 88.0179214477539, 88.13905334472656, 88.4123764038086, 88.74085235595703, 88.9399185180664, 89.20993041992188, 89.41754150390625, 89.62008666992188, 89.85545349121094, 90.0701904296875, 90.24740600585938, 90.51591491699219, 90.65606689453125], "acc_1month": [78.94343566894531, 85.75923156738281, 86.86894989013672, 87.93598937988281, 88.35594940185547, 88.62376403808594, 89.03194427490234, 89.2728042602539, 89.35105895996094, 89.59971618652344, 89.6753158569336, 89.88995361328125, 89.97679901123047, 90.18537902832031, 90.19462585449219, 90.3745346069336, 90.64697265625, 90.75822448730469, 90.91764831542969, 90.95817565917969, 91.15695190429688, 91.25225067138672, 91.37720489501953, 91.45477294921875, 91.66819763183594, 91.66400909423828], "acc_2month": [79.72479248046875, 84.71647644042969, 85.35868072509766, 86.35145568847656, 86.78301239013672, 87.04443359375, 87.41168975830078, 87.57823944091797, 87.68904113769531, 88.05258178710938, 88.13798522949219, 88.41930389404297, 88.54550170898438, 88.76115417480469, 88.86529541015625, 89.10279083251953, 89.42681884765625, 89.59929656982422, 89.75132751464844, 90.04332733154297, 90.14802551269531, 90.3722152709961, 90.56976318359375, 90.66332244873047, 90.94035339355469, 91.07495880126953], "acc_3month": [79.3770751953125, 84.2248306274414, 85.08187866210938, 85.72908782958984, 86.4095230102539, 86.71522521972656, 86.8191146850586, 87.02644348144531, 87.27887725830078, 87.63453674316406, 87.70870208740234, 87.94522857666016, 88.16383361816406, 88.35678100585938, 88.54780578613281, 88.81007385253906, 89.1572036743164, 89.33880615234375, 89.55601501464844, 89.79528045654297, 89.9983139038086, 90.19447326660156, 90.43952178955078, 90.55438232421875, 90.84596252441406, 91.05343627929688], "acc_4month": [78.90567016601562, 83.71986389160156, 84.94100189208984, 85.6536636352539, 85.99263000488281, 86.588134765625, 86.62176513671875, 86.79402923583984, 87.11168670654297, 87.29509735107422, 87.49571228027344, 87.54876708984375, 87.97314453125, 88.22078704833984, 88.35314178466797, 88.63329315185547, 88.95892333984375, 89.16206359863281, 89.50569152832031, 89.7427978515625, 89.94183349609375, 90.1931381225586, 90.44754028320312, 90.65476989746094, 90.87798309326172, 91.03076171875], "acc_5month": [79.05447387695312, 83.46035766601562, 84.7330093383789, 85.64038848876953, 85.90238189697266, 86.41732025146484, 86.71894073486328, 86.82540130615234, 87.06211853027344, 87.13841247558594, 87.37945556640625, 87.35067749023438, 87.80416107177734, 88.08133697509766, 88.1722183227539, 88.46668243408203, 88.79896545410156, 89.0227279663086, 89.32821655273438, 89.54767608642578, 89.7936019897461, 90.09686279296875, 90.33845520019531, 90.57444763183594, 90.85960388183594, 90.94791412353516], "acc_6month": [76.3895263671875, 82.89701843261719, 84.0531234741211, 85.20893096923828, 85.40340423583984, 86.02781677246094, 86.44064331054688, 86.44308471679688, 86.6939926147461, 86.81490325927734, 87.07186889648438, 87.056884765625, 87.37378692626953, 87.68262481689453, 87.87049102783203, 88.0837173461914, 88.37701416015625, 88.58521270751953, 88.908447265625, 89.06771850585938, 89.29540252685547, 89.52989196777344, 89.71403503417969, 89.97383117675781, 90.2054214477539, 90.44829559326172], "val_loss": [0.012447082437574863, 0.00799565203487873, 0.007611557375639677, 0.007287433370947838, 0.006764492020010948, 0.007186058443039656, 0.0072126672603189945, 0.006489570718258619, 0.006823515519499779, 0.006744814105331898, 0.006152913440018892, 0.006636286620050669, 0.006261209491640329, 0.006818400230258703, 0.006763376295566559, 0.006212944630533457, 0.006458052899688482, 0.006594461854547262, 0.00690038176253438, 0.0068123904056847095, 0.00747534167021513, 0.007760033942759037, 0.007304145023226738, 0.007263291161507368, 0.007569940760731697, 0.007116327993571758], "val_acc_mean": [80.56363677978516, 84.19500732421875, 84.65277099609375, 85.18806457519531, 85.78398132324219, 84.93206024169922, 85.26935577392578, 86.29957580566406, 85.86571502685547, 85.87211608886719, 86.91551208496094, 86.18917083740234, 86.70175170898438, 85.76225280761719, 86.19352722167969, 86.96292114257812, 86.54966735839844, 86.67755889892578, 86.48584747314453, 86.58673095703125, 86.25988006591797, 86.1629867553711, 86.4118881225586, 86.56814575195312, 86.48690795898438, 86.78628540039062], "val_acc_1month": [81.3196029663086, 87.63282012939453, 88.00843048095703, 88.18368530273438, 88.64458465576172, 87.76107788085938, 88.48648071289062, 88.78166198730469, 89.513427734375, 89.12110900878906, 89.6928482055664, 89.52323150634766, 89.99498748779297, 89.02140045166016, 89.40380096435547, 89.993896484375, 89.737548828125, 89.79798126220703, 89.6079330444336, 89.58837127685547, 89.7635726928711, 89.78132629394531, 89.77108001708984, 89.96167755126953, 89.94831085205078, 89.98670959472656], "val_acc_2month": [83.77000427246094, 86.05677032470703, 86.47205352783203, 86.80725860595703, 86.9850845336914, 84.7551498413086, 87.21482849121094, 87.11570739746094, 87.09522247314453, 86.97020721435547, 88.13091278076172, 87.4109878540039, 88.2219467163086, 87.04515838623047, 87.75104522705078, 88.25239562988281, 87.32706451416016, 87.1794204711914, 87.80093383789062, 87.49425506591797, 87.41021728515625, 87.33872985839844, 87.23983001708984, 87.64767456054688, 87.4691390991211, 87.83981323242188], "val_acc_3month": [83.45372772216797, 85.67707824707031, 84.76959228515625, 85.78701782226562, 86.24480438232422, 85.13717651367188, 85.77454376220703, 86.68490600585938, 86.37931060791016, 85.87955474853516, 87.50145721435547, 86.13835906982422, 87.15312194824219, 86.50682830810547, 86.50655364990234, 87.32704162597656, 86.41900634765625, 86.76412963867188, 87.09678649902344, 87.16758728027344, 86.5009994506836, 86.51358795166016, 86.6182632446289, 86.96966552734375, 86.89225769042969, 87.21199798583984], "val_acc_4month": [83.2323226928711, 84.76677703857422, 84.75967407226562, 84.82778930664062, 86.16896057128906, 84.9815673828125, 84.5989761352539, 86.34418487548828, 86.1417465209961, 86.09514617919922, 86.95364379882812, 85.97171020507812, 86.13554382324219, 85.64354705810547, 85.63717651367188, 87.05020141601562, 86.59217071533203, 86.91754913330078, 86.4947280883789, 86.875244140625, 86.22958374023438, 86.09072875976562, 86.36726379394531, 86.46639251708984, 86.51473236083984, 86.72438049316406], "val_acc_5month": [80.77227783203125, 83.93667602539062, 84.33787536621094, 84.92693328857422, 85.705322265625, 86.05982971191406, 84.55433654785156, 86.58061981201172, 85.55166625976562, 85.96566009521484, 86.62950134277344, 86.25898742675781, 85.90038299560547, 85.59475708007812, 86.10279846191406, 86.7364730834961, 86.69781494140625, 86.77821350097656, 85.94302368164062, 86.43611907958984, 85.9909439086914, 86.00566101074219, 86.38617706298828, 86.15280151367188, 86.05415344238281, 86.33207702636719],