{"loss": [0.012808390893042088, 0.00824716780334711, 0.007484064903110266, 0.006868010386824608, 0.006568330805748701, 0.0063743675127625465, 0.006167188752442598, 0.00604481715708971, 0.005872318986803293, 0.005653795786201954, 0.005588855128735304, 0.005432347767055035, 0.005317962262779474, 0.005203638691455126, 0.005032821092754602, 0.004906615242362022, 0.0047378879971802235, 0.004630095325410366, 0.004499686416238546, 0.0043609729036688805, 0.004247306380420923, 0.004117471631616354, 0.003998236730694771, 0.003872691188007593, 0.003793909912928939, 0.0037165393587201834, 0.003606573911383748, 0.0035526296123862267], "acc_mean": [77.0841064453125, 83.45442962646484, 84.60110473632812, 85.56385040283203, 85.96465301513672, 86.25132751464844, 86.57111358642578, 86.73139190673828, 87.01728820800781, 87.38925170898438, 87.45655822753906, 87.68936157226562, 87.87257385253906, 88.09324645996094, 88.3980484008789, 88.57856750488281, 88.90081024169922, 89.0743408203125, 89.2905502319336, 89.55635833740234, 89.7275619506836, 89.98435974121094, 90.18289184570312, 90.44428253173828, 90.58364868164062, 90.75798797607422, 90.96109008789062, 91.06517028808594], "acc_1month": [78.30828094482422, 85.81169891357422, 87.1782455444336, 88.06201171875, 88.49467468261719, 88.85992431640625, 88.95912170410156, 89.16650390625, 89.51222229003906, 89.7323989868164, 89.81011199951172, 89.97669219970703, 90.15709686279297, 90.33502960205078, 90.56446075439453, 90.59062957763672, 90.78495788574219, 90.85836791992188, 91.12776184082031, 91.18093872070312, 91.33770751953125, 91.44790649414062, 91.54658508300781, 91.67633056640625, 91.83488464355469, 91.88758850097656, 92.01593780517578, 92.02225494384766], "acc_2month": [78.93025970458984, 84.5962905883789, 85.80404663085938, 86.5680160522461, 86.73130798339844, 87.12030792236328, 87.60614013671875, 87.50194549560547, 87.89047241210938, 88.215576171875, 88.36109924316406, 88.51669311523438, 88.68186950683594, 88.90049743652344, 89.14862060546875, 89.32243347167969, 89.58497619628906, 89.69733428955078, 89.8564453125, 90.1218032836914, 90.30049896240234, 90.4305191040039, 90.66751098632812, 90.8987045288086, 91.02580261230469, 91.17510986328125, 91.33853912353516, 91.43873596191406], "acc_3month": [79.23500061035156, 84.47150421142578, 85.56028747558594, 86.20642852783203, 86.54286193847656, 86.56378936767578, 87.19598388671875, 87.17280578613281, 87.48953247070312, 87.86102294921875, 87.8056640625, 88.1476821899414, 88.25164794921875, 88.4815444946289, 88.84513854980469, 89.00090789794922, 89.3166275024414, 89.49824523925781, 89.6870346069336, 89.97836303710938, 90.1156005859375, 90.39009857177734, 90.55274200439453, 90.85052490234375, 90.95506286621094, 91.09558868408203, 91.30181884765625, 91.45346069335938], "acc_4month": [79.15577697753906, 84.1943359375, 85.206298828125, 85.90133666992188, 86.26411437988281, 86.38675689697266, 86.86990356445312, 87.0560531616211, 87.2061538696289, 87.5320053100586, 87.58615112304688, 87.92788696289062, 88.0903091430664, 88.20771789550781, 88.58232116699219, 88.84255981445312, 89.13835906982422, 89.3639907836914, 89.5387954711914, 89.87360382080078, 90.06993103027344, 90.3334732055664, 90.60693359375, 90.80410766601562, 90.96195983886719, 91.16931915283203, 91.32968139648438, 91.53545379638672], "acc_5month": [78.57041931152344, 84.00910949707031, 84.63339233398438, 85.67279815673828, 86.04582214355469, 86.39271545410156, 86.50402069091797, 86.88129425048828, 86.97647094726562, 87.33943176269531, 87.38035583496094, 87.65011596679688, 87.89555358886719, 88.10211944580078, 88.36128997802734, 88.55024719238281, 88.96231842041016, 89.17491149902344, 89.40901947021484, 89.76690673828125, 89.93065643310547, 90.2492446899414, 90.45820617675781, 90.7416000366211, 90.89239501953125, 91.09705352783203, 91.33971405029297, 91.425537109375], "acc_6month": [75.93115997314453, 83.10564422607422, 84.09931182861328, 85.35405731201172, 85.89026641845703, 86.22868347167969, 86.20528411865234, 86.51738739013672, 86.69703674316406, 87.15118408203125, 87.26382446289062, 87.29065704345703, 87.51785278320312, 87.75897216796875, 88.0163803100586, 88.20387268066406, 88.55091857910156, 88.75796508789062, 88.94605255126953, 89.18153381347656, 89.32019805908203, 89.66038513183594, 89.85498046875, 90.1611099243164, 90.28375244140625, 90.50041198730469, 90.75528717041016, 90.82624816894531], "val_loss": [0.018445158377289772, 0.008274481631815434, 0.00735980411991477, 0.0069737485609948635, 0.00810357928276062, 0.007239543367177248, 0.006467693950980902, 0.006430245935916901, 0.0062002683989703655, 0.0061900317668914795, 0.006346435286104679, 0.006249814294278622, 0.006298733875155449, 0.006133538205176592, 0.006082878448069096, 0.0062517584301531315, 0.006364045664668083, 0.006014748010784388, 0.006198063492774963, 0.006860701367259026, 0.006939292885363102, 0.0065474361181259155, 0.006549757905304432, 0.0067297667264938354, 0.007083396892994642, 0.007078967522829771, 0.006843326147645712, 0.007057595998048782], "val_acc_mean": [77.8183364868164, 84.15599060058594, 85.07682037353516, 85.32965850830078, 83.8867416381836, 84.95711517333984, 86.35396575927734, 86.19563293457031, 86.56509399414062, 86.70540618896484, 86.5772476196289, 86.7040786743164, 86.70489501953125, 86.90989685058594, 86.81876373291016, 86.75003051757812, 86.58796691894531, 87.15653228759766, 87.1087875366211, 86.6629867553711, 86.55926513671875, 86.98213958740234, 87.09371948242188, 86.98004913330078, 86.73857116699219, 86.8270492553711, 87.02545166015625, 87.0242691040039], "val_acc_1month": [80.09017944335938, 87.66268157958984, 87.61035919189453, 88.2645492553711, 88.75103759765625, 88.08934020996094, 89.22969818115234, 88.77513885498047, 89.33537292480469, 89.42998504638672, 89.03515625, 89.76237487792969, 89.4238510131836, 89.9861068725586, 89.85008239746094, 90.07820129394531, 89.26327514648438, 90.21653747558594, 90.23210144042969, 89.95401000976562, 89.52147674560547, 90.18328094482422, 90.20454406738281, 90.42472076416016, 90.14460754394531, 90.12981414794922, 90.38340759277344, 90.413818359375], "val_acc_2month": [80.5288314819336, 86.03893280029297, 86.32132720947266, 86.59953308105469, 86.2221450805664, 85.95946502685547, 87.19786834716797, 87.4340591430664, 87.51528930664062, 87.8043441772461, 87.41935729980469, 87.79669189453125, 88.00981140136719, 88.31627655029297, 87.83293151855469, 88.16207885742188, 87.74817657470703, 88.50362396240234, 88.27932739257812, 88.12358856201172, 87.58307647705078, 88.31385040283203, 88.41253662109375, 88.34403228759766, 88.33907318115234, 88.21379089355469, 88.37696075439453, 88.4811019897461], "val_acc_3month": [80.45939636230469, 84.23047637939453, 85.38168334960938, 86.32037353515625, 83.70659637451172, 85.99559020996094, 87.00714111328125, 87.01312255859375, 86.97952270507812, 87.2291259765625, 87.12373352050781, 87.26871490478516, 87.384033203125, 87.54187774658203, 87.27925109863281, 87.46625518798828, 87.72134399414062, 87.68769836425781, 87.63723754882812, 87.31451416015625, 87.10533142089844, 87.39723205566406, 87.70460510253906, 87.3314208984375, 87.30902099609375, 87.36790466308594, 87.54681396484375, 87.50306701660156], "val_acc_4month": [80.24657440185547, 84.71246337890625, 85.5676040649414, 85.44819641113281, 82.85230255126953, 86.20628356933594, 86.76371765136719, 86.399169921875, 86.51780700683594, 86.61492156982422, 86.9857177734375, 86.86122131347656, 86.92000579833984, 87.0139389038086, 86.89871978759766, 86.41180419921875, 86.79517364501953, 86.95655059814453, 87.13843536376953, 86.6131820678711, 86.63078308105469, 86.86753845214844, 87.01197814941406, 86.79271697998047, 86.73382568359375, 86.87915802001953, 86.96878814697266, 86.89301300048828],