{"loss": [0.013222090899944305, 0.008195411413908005, 0.007757097948342562, 0.00705341063439846, 0.006688733119517565, 0.006464328151196241, 0.0063059707172214985, 0.006073214113712311, 0.006001878995448351, 0.005727910902351141, 0.005617206450551748, 0.005521237850189209, 0.005375510081648827, 0.005187357310205698, 0.005119304172694683, 0.004895616322755814, 0.004811402875930071, 0.004634848330169916, 0.004525871016085148, 0.004407293628901243, 0.004289586097002029, 0.004158494528383017, 0.004043217282742262, 0.0039403969421982765, 0.0038432658184319735, 0.0037520823534578085, 0.0036644618958234787, 0.003578611882403493, 0.0035077009815722704, 0.0034426734782755375, 0.0033752634190022945, 0.003310736734420061, 0.0032538175582885742, 0.003192323027178645, 0.0031416662968695164], "acc_mean": [76.99659729003906, 83.59883880615234, 84.33822631835938, 85.32969665527344, 85.89146423339844, 86.19054412841797, 86.3629150390625, 86.74397277832031, 86.80387115478516, 87.2768783569336, 87.42167663574219, 87.54917907714844, 87.79505920410156, 88.11265563964844, 88.2033920288086, 88.59955596923828, 88.72986602783203, 89.03530883789062, 89.22975158691406, 89.45404815673828, 89.64627075195312, 89.87527465820312, 90.10334777832031, 90.29664611816406, 90.48625183105469, 90.658935546875, 90.8207015991211, 90.99851989746094, 91.1425552368164, 91.27024841308594, 91.40449523925781, 91.53520202636719, 91.6558837890625, 91.78419494628906, 91.90092468261719], "acc_1month": [78.05402374267578, 86.12761688232422, 86.80900573730469, 87.89653015136719, 88.34172821044922, 88.85761260986328, 89.04918670654297, 89.15787506103516, 89.14019012451172, 89.5632553100586, 89.89828491210938, 89.7999038696289, 90.0616455078125, 90.23088836669922, 90.3361587524414, 90.54582214355469, 90.61853790283203, 90.75691986083984, 90.89820098876953, 90.9825439453125, 91.12122344970703, 91.28002166748047, 91.38356018066406, 91.508056640625, 91.59693145751953, 91.70093536376953, 91.82276916503906, 91.87540435791016, 91.97852325439453, 92.07200622558594, 92.20536804199219, 92.26685333251953, 92.31317901611328, 92.39160919189453, 92.46897888183594], "acc_2month": [78.95941162109375, 84.94132995605469, 85.54173278808594, 86.37796020507812, 86.71842193603516, 87.3191146850586, 87.19924926757812, 87.6613540649414, 87.55482482910156, 88.09749603271484, 88.11747741699219, 88.18569946289062, 88.51246643066406, 88.79935455322266, 88.83492279052734, 89.22368621826172, 89.2839126586914, 89.48918914794922, 89.7149658203125, 89.95675659179688, 90.09917449951172, 90.29684448242188, 90.50961303710938, 90.68486785888672, 90.8210220336914, 90.97743225097656, 91.1314697265625, 91.33352661132812, 91.5033187866211, 91.59480285644531, 91.73342895507812, 91.80750274658203, 91.95954895019531, 92.09905242919922, 92.18891906738281], "acc_3month": [78.42461395263672, 84.28949737548828, 85.16737365722656, 85.76358032226562, 86.41236877441406, 86.38453674316406, 86.8260726928711, 87.28815460205078, 87.3165283203125, 87.69061279296875, 87.7815933227539, 87.83153533935547, 88.10771179199219, 88.4783935546875, 88.52281951904297, 88.96537017822266, 89.057861328125, 89.36857604980469, 89.54402160644531, 89.83910369873047, 89.98531341552734, 90.20945739746094, 90.45169067382812, 90.68977355957031, 90.8560791015625, 91.04915618896484, 91.20092010498047, 91.41101837158203, 91.53776550292969, 91.68158721923828, 91.81764221191406, 91.92375183105469, 92.06034851074219, 92.19332885742188, 92.29559326171875], "acc_4month": [79.00852966308594, 84.24483489990234, 84.58631896972656, 85.51525115966797, 86.19380950927734, 86.17071533203125, 86.6219253540039, 86.88177490234375, 87.07730102539062, 87.48971557617188, 87.50586700439453, 87.72779083251953, 88.0203857421875, 88.29578399658203, 88.37109375, 88.87112426757812, 89.03953552246094, 89.37223052978516, 89.52152252197266, 89.83771514892578, 90.03370666503906, 90.3062973022461, 90.5423812866211, 90.72615814208984, 90.93333435058594, 91.10324096679688, 91.24179077148438, 91.45326232910156, 91.59667205810547, 91.71025085449219, 91.79569244384766, 91.9715347290039, 92.08490753173828, 92.20953369140625, 92.33212280273438], "acc_5month": [78.67822265625, 83.9742431640625, 84.76443481445312, 85.54671478271484, 86.20071411132812, 86.37401580810547, 86.45685577392578, 86.8554458618164, 86.89521789550781, 87.27409362792969, 87.42012786865234, 87.70076751708984, 87.9301528930664, 88.18482208251953, 88.36136627197266, 88.68379974365234, 88.86719512939453, 89.25170135498047, 89.43971252441406, 89.67957305908203, 89.96673583984375, 90.13697052001953, 90.41522979736328, 90.6278305053711, 90.81953430175781, 90.99260711669922, 91.20838928222656, 91.36476135253906, 91.51071166992188, 91.62895965576172, 91.78653717041016, 91.92738342285156, 92.05303955078125, 92.17244720458984, 92.30353546142578], "acc_6month": [75.95082092285156, 83.41509246826172, 83.94388580322266, 85.19707489013672, 85.65040588378906, 86.0179214477539, 85.99397277832031, 86.41435241699219, 86.41928100585938, 87.03598022460938, 87.19970703125, 87.39004516601562, 87.43655395507812, 87.79374694824219, 87.89630126953125, 88.15153503417969, 88.31497192382812, 88.7551040649414, 88.90299224853516, 89.07415008544922, 89.29751586914062, 89.52676391601562, 89.76061248779297, 89.9511489868164, 90.1993179321289, 90.39019775390625, 90.55005645751953, 90.70935821533203, 90.88542175292969, 91.0267105102539, 91.14921569824219, 91.3224105834961, 91.46012878417969, 91.59991455078125, 91.72408294677734], "val_loss": [0.012529667466878891, 0.00979625340551138, 0.007899121381342411, 0.007378879934549332, 0.006654042284935713, 0.007048965431749821, 0.0068628485314548016, 0.007053391542285681, 0.0063704838976264, 0.007037314586341381, 0.0067890784703195095, 0.006406273692846298, 0.006347933318465948, 0.007240215316414833, 0.006526820361614227, 0.006528545171022415, 0.006750351749360561, 0.0076566822826862335, 0.00702451029792428, 0.006853618659079075, 0.006678769830614328, 0.00701091717928648, 0.0071150874719023705, 0.007423739414662123, 0.0069891526363790035, 0.0073961978778243065, 0.007779465056955814, 0.007526395842432976, 0.00741538917645812, 0.007971913553774357, 0.007630365900695324, 0.007924768142402172, 0.007784878369420767, 0.007909020408987999, 0.007879409939050674], "val_acc_mean": [79.0574951171875, 83.22541809082031, 84.26177215576172, 85.09330749511719, 86.05502319335938, 85.27920532226562, 85.71168518066406, 85.3532485961914, 86.47978210449219, 85.50203704833984, 85.82713317871094, 86.43232727050781, 86.64259338378906, 85.60506439208984, 86.51763916015625, 86.62297058105469, 86.55400848388672, 85.56001281738281, 86.3126220703125, 86.62145233154297, 86.78115844726562, 86.55281066894531, 86.47248840332031, 86.33882904052734, 86.7979507446289, 86.30621337890625, 86.22718048095703, 86.57527923583984, 86.70736694335938, 86.45762634277344, 86.75498962402344, 86.61327362060547, 86.76192474365234, 86.68449401855469, 86.70421600341797], "val_acc_1month": [85.896240234375, 87.27085876464844, 87.89605712890625, 87.85535430908203, 89.30464172363281, 88.0537338256836, 86.66246795654297, 88.58580780029297, 89.42269897460938, 89.04940032958984, 89.03548431396484, 89.46138000488281, 89.64205932617188, 89.48170471191406, 89.69937133789062, 89.748291015625, 89.68134307861328, 89.42610168457031, 89.81787109375, 90.01152801513672, 90.0716323852539, 90.02166748046875, 89.77924346923828, 89.75798797607422, 90.1852035522461, 89.89341735839844, 89.43984985351562, 90.2429428100586, 90.09683227539062, 89.98550415039062, 90.21987915039062, 90.017333984375, 90.20459747314453, 90.05365753173828, 90.16038513183594],