{"loss": [0.013466650620102882, 0.008273721672594547, 0.007755856495350599, 0.007088181097060442, 0.006821068469434977, 0.006603059358894825, 0.006250007078051567, 0.006053915712982416, 0.006039672996848822, 0.005744675640016794, 0.005731618031859398, 0.005508492235094309, 0.005365885328501463, 0.005276898853480816, 0.005136754829436541, 0.0050171478651463985, 0.004870538599789143, 0.004873190075159073, 0.004805591888725758, 0.004629563540220261, 0.004461010918021202, 0.004325312562286854, 0.004246085416525602, 0.004125005565583706, 0.004047361668199301, 0.003962615039199591, 0.0038618536200374365], "acc_mean": [76.53068542480469, 83.48613739013672, 84.1844482421875, 85.2099609375, 85.62853240966797, 85.9239273071289, 86.5152359008789, 86.79402160644531, 86.78177642822266, 87.23543548583984, 87.29487609863281, 87.61770629882812, 87.84319305419922, 87.99901580810547, 88.23625183105469, 88.43189239501953, 88.64781188964844, 88.66100311279297, 88.75672912597656, 89.07068634033203, 89.37346649169922, 89.61107635498047, 89.74012756347656, 89.97119140625, 90.11079406738281, 90.27550506591797, 90.45845031738281], "acc_1month": [77.2434310913086, 86.06549835205078, 86.6874008178711, 87.99346923828125, 88.21455383300781, 88.67594909667969, 88.8654556274414, 89.37865447998047, 89.3843994140625, 89.63951873779297, 89.6593246459961, 89.86245727539062, 90.14431762695312, 90.25389862060547, 90.33940124511719, 90.48704528808594, 90.58036804199219, 90.55517578125, 90.70057678222656, 90.88243865966797, 90.99250793457031, 91.14838409423828, 91.27790832519531, 91.36798095703125, 91.42582702636719, 91.55209350585938, 91.64505004882812], "acc_2month": [78.90319061279297, 85.10189819335938, 85.30233764648438, 86.36080169677734, 86.70623016357422, 86.94792175292969, 87.40318298339844, 87.75556182861328, 87.74681854248047, 88.0712661743164, 88.10391998291016, 88.33275604248047, 88.64398193359375, 88.77330017089844, 89.00199127197266, 89.08883666992188, 89.33621978759766, 89.3543930053711, 89.41181182861328, 89.68073272705078, 89.91565704345703, 90.19044494628906, 90.25493621826172, 90.38804626464844, 90.56310272216797, 90.73703002929688, 90.87287139892578], "acc_3month": [78.53714752197266, 84.39813232421875, 84.78376770019531, 85.6136703491211, 86.19365692138672, 86.44147491455078, 87.00440216064453, 87.20980834960938, 87.24938201904297, 87.57811737060547, 87.69087982177734, 87.94619750976562, 88.1947250366211, 88.29698181152344, 88.51306915283203, 88.77352905273438, 88.98694610595703, 88.9988021850586, 89.06034088134766, 89.40481567382812, 89.69175720214844, 89.94823455810547, 90.07064819335938, 90.32014465332031, 90.47604370117188, 90.62223815917969, 90.80068969726562], "acc_4month": [78.53572845458984, 83.89505767822266, 84.59269714355469, 85.31440734863281, 85.90725708007812, 86.08679962158203, 86.81099700927734, 86.91319274902344, 86.91441345214844, 87.40554809570312, 87.47435760498047, 87.83174133300781, 88.00674438476562, 88.08396911621094, 88.44817352294922, 88.61262512207031, 88.8370361328125, 88.89216613769531, 88.93205261230469, 89.35184478759766, 89.66578674316406, 89.89612579345703, 90.04634094238281, 90.37519836425781, 90.52597045898438, 90.63966369628906, 90.85177612304688], "acc_5month": [78.12764739990234, 84.00648498535156, 84.73058319091797, 85.56478881835938, 85.8621826171875, 85.98812103271484, 86.60699462890625, 86.6468734741211, 86.65870666503906, 87.20304107666016, 87.26737976074219, 87.66006469726562, 87.75719451904297, 87.9508056640625, 88.19701385498047, 88.42074584960938, 88.6663818359375, 88.70067596435547, 88.82953643798828, 89.12637329101562, 89.49198913574219, 89.73721313476562, 89.87578582763672, 90.1476058959961, 90.30596923828125, 90.4942398071289, 90.69581604003906], "acc_6month": [75.64622497558594, 83.08617401123047, 84.1417465209961, 85.03977966308594, 85.23920440673828, 85.57452392578125, 86.23568725585938, 86.58085632324219, 86.4993667602539, 86.94502258300781, 87.08050537109375, 87.34479522705078, 87.48407745361328, 87.68854522705078, 87.85238647460938, 88.07493591308594, 88.26964569091797, 88.28392791748047, 88.347900390625, 88.61601257324219, 88.97055053710938, 89.18081665039062, 89.29222106933594, 89.58390045166016, 89.67245483398438, 89.89683532714844, 90.10418701171875], "val_loss": [0.009969117119908333, 0.008686751127243042, 0.008310657925903797, 0.007293044123798609, 0.007785465102642775, 0.006768965162336826, 0.006798618473112583, 0.006530566606670618, 0.006548639852553606, 0.006643399596214294, 0.007129651494324207, 0.007255705539137125, 0.006277315318584442, 0.006600748281925917, 0.006438208278268576, 0.006789950653910637, 0.006372218951582909, 0.006809684447944164, 0.0064058504067361355, 0.006997863296419382, 0.00691387802362442, 0.0071450029499828815, 0.0069303796626627445, 0.007124953903257847, 0.007127935066819191, 0.007179680280387402, 0.007440619170665741], "val_acc_mean": [80.59027862548828, 83.44257354736328, 84.29637145996094, 85.36056518554688, 84.06173706054688, 85.8254165649414, 85.673583984375, 86.34158325195312, 86.2768783569336, 86.19869995117188, 85.76908111572266, 85.6978988647461, 86.67994689941406, 86.37933349609375, 86.70541381835938, 86.23585510253906, 86.83596801757812, 86.17810821533203, 86.76952362060547, 86.23966979980469, 86.51667785644531, 86.361572265625, 86.58818054199219, 86.57088470458984, 86.6134262084961, 86.54505157470703, 86.49483489990234], "val_acc_1month": [83.41124725341797, 87.06694030761719, 87.87211608886719, 88.84351348876953, 88.80439758300781, 88.88662719726562, 89.32501983642578, 89.76505279541016, 89.74182891845703, 89.64759826660156, 89.11163330078125, 89.39727783203125, 89.78707885742188, 89.75957489013672, 89.84284973144531, 89.52750396728516, 90.05136108398438, 89.40013122558594, 90.08834075927734, 89.71470642089844, 89.99690246582031, 89.58535766601562, 89.8158950805664, 89.77452850341797, 89.9947738647461, 89.90278625488281, 90.0302734375], "val_acc_2month": [83.76808166503906, 85.28023529052734, 86.26686096191406, 87.42630004882812, 84.48106384277344, 87.13993072509766, 87.13227844238281, 87.68331146240234, 87.66920471191406, 87.80699157714844, 86.75631713867188, 86.71649932861328, 87.94609832763672, 87.42343139648438, 87.8577651977539, 87.37188720703125, 88.08872985839844, 87.25078582763672, 87.85028076171875, 87.71893310546875, 87.77670288085938, 87.70263671875, 87.74195098876953, 87.49739074707031, 87.82141876220703, 87.6832504272461, 87.83722686767578], "val_acc_3month": [80.00532531738281, 84.07756042480469, 85.58465576171875, 85.57062530517578, 83.67516326904297, 86.36927795410156, 86.70304107666016, 86.7320327758789, 86.61333465576172, 86.7633056640625, 85.9934310913086, 85.11455535888672, 87.06568145751953, 86.54596710205078, 87.30952453613281, 86.65164184570312, 87.53184509277344, 86.61854553222656, 87.25074768066406, 87.11031341552734, 86.94831085205078, 86.98529815673828, 87.01766967773438, 87.03491973876953, 86.98335266113281, 86.99543762207031, 86.86176300048828], "val_acc_4month": [79.56554412841797, 83.40817260742188, 84.88495635986328, 85.78262329101562, 83.22540283203125, 86.16638946533203, 85.30330657958984, 86.06184387207031, 86.01976776123047, 86.16091918945312, 86.03144073486328, 85.58604431152344, 86.67308807373047, 86.13146209716797, 86.62089538574219, 86.18052673339844, 86.83306121826172, 86.37637329101562, 86.66704559326172, 86.3029556274414, 86.45393371582031, 86.59664154052734, 86.42655944824219, 86.56004333496094, 86.3892822265625, 86.32502746582031, 86.15655517578125],