{"loss": [0.013782775960862637, 0.008192861452698708, 0.007659371476620436, 0.006942125502973795, 0.007047470659017563, 0.006470209918916225, 0.006193851120769978, 0.006017294246703386, 0.005848949775099754, 0.005715806037187576, 0.005573143716901541, 0.005452132783830166, 0.005438649095594883, 0.00514941243454814, 0.005028381943702698, 0.004881499335169792, 0.004719900898635387, 0.004612474236637354, 0.004435613751411438, 0.004323988221585751, 0.004170198459178209, 0.004042761866003275, 0.003936870489269495, 0.0038330270908772945, 0.003726708237081766, 0.003608765546232462, 0.003523915773257613, 0.003461922751739621, 0.003374167950823903, 0.003291209228336811, 0.003221474587917328, 0.003162059234455228, 0.003094589337706566, 0.0030447058379650116, 0.002986196894198656, 0.002944336971268058, 0.002900206483900547, 0.0028590643778443336, 0.0028230876196175814, 0.002788662211969495, 0.0027571043465286493, 0.0027342408429831266], "acc_mean": [75.75269317626953, 83.51134490966797, 84.36235046386719, 85.45685577392578, 85.30852508544922, 86.15632629394531, 86.54861450195312, 86.77999114990234, 87.05844116210938, 87.25674438476562, 87.49845886230469, 87.65935516357422, 87.6942367553711, 88.19652557373047, 88.37979125976562, 88.61075592041016, 88.90938568115234, 89.08644104003906, 89.40715026855469, 89.61331939697266, 89.90185546875, 90.12525939941406, 90.3402328491211, 90.505126953125, 90.71176147460938, 90.94717407226562, 91.1208267211914, 91.24952697753906, 91.42912292480469, 91.59647369384766, 91.75594329833984, 91.87110137939453, 92.03105926513672, 92.14735412597656, 92.26817321777344, 92.36576843261719, 92.46766662597656, 92.55503845214844, 92.64710235595703, 92.72200012207031, 92.79171752929688, 92.85289001464844], "acc_1month": [77.32057189941406, 86.44325256347656, 86.5485610961914, 88.08204650878906, 87.92478942871094, 88.73681640625, 89.00193786621094, 89.32469940185547, 89.66947174072266, 89.65648651123047, 89.82746887207031, 89.93745422363281, 89.65377807617188, 90.36198425292969, 90.40147399902344, 90.48689270019531, 90.57384490966797, 90.83077239990234, 91.01959991455078, 91.06212615966797, 91.3128662109375, 91.4114990234375, 91.47490692138672, 91.62879943847656, 91.7183837890625, 91.8334732055664, 91.97062683105469, 92.0760498046875, 92.14067840576172, 92.2110824584961, 92.37617492675781, 92.43628692626953, 92.54527282714844, 92.61895751953125, 92.67467498779297, 92.78731536865234, 92.82759094238281, 92.90868377685547, 92.98239135742188, 93.04563903808594, 93.09774780273438, 93.14415740966797], "acc_2month": [78.38282012939453, 85.14198303222656, 85.67259216308594, 86.56090545654297, 86.44326782226562, 87.2394027709961, 87.40279388427734, 87.70415496826172, 87.94947052001953, 88.1036605834961, 88.3510971069336, 88.51834869384766, 88.34445190429688, 88.9402847290039, 89.00411224365234, 89.18580627441406, 89.44600677490234, 89.65680694580078, 89.92947387695312, 90.15100860595703, 90.37686157226562, 90.5949935913086, 90.73501586914062, 90.88543701171875, 91.04447174072266, 91.24214172363281, 91.42863464355469, 91.56363677978516, 91.71772766113281, 91.88369750976562, 92.02922821044922, 92.1044692993164, 92.2919921875, 92.41023254394531, 92.49994659423828, 92.56938171386719, 92.69808959960938, 92.77056884765625, 92.84626007080078, 92.93807220458984, 93.0030517578125, 93.04976654052734], "acc_3month": [77.64297485351562, 84.21656799316406, 84.84722137451172, 85.8735122680664, 85.68604278564453, 86.60193634033203, 86.8723373413086, 87.05021667480469, 87.3665771484375, 87.5792007446289, 87.85293579101562, 88.06954956054688, 88.00238800048828, 88.58578491210938, 88.80390167236328, 88.88533020019531, 89.2943115234375, 89.39302825927734, 89.76551055908203, 89.97828674316406, 90.28388977050781, 90.51734161376953, 90.68754577636719, 90.898193359375, 91.11903381347656, 91.32537078857422, 91.51012420654297, 91.66510772705078, 91.82746887207031, 91.99406433105469, 92.12715911865234, 92.23792266845703, 92.38026428222656, 92.49918365478516, 92.62812805175781, 92.71440887451172, 92.79500579833984, 92.8982162475586, 92.96546936035156, 93.028564453125, 93.11167907714844, 93.14708709716797], "acc_4month": [77.87641906738281, 83.9395751953125, 84.88418579101562, 85.77416229248047, 85.22531127929688, 86.37619018554688, 86.72212219238281, 86.9518051147461, 87.10712432861328, 87.3939437866211, 87.6794662475586, 87.82749938964844, 88.06318664550781, 88.43815612792969, 88.68059539794922, 88.94742584228516, 89.17582702636719, 89.36981964111328, 89.7507553100586, 89.94827270507812, 90.28248596191406, 90.49907684326172, 90.71206665039062, 90.95225524902344, 91.11064910888672, 91.35025024414062, 91.48501586914062, 91.65252685546875, 91.80497741699219, 91.97298431396484, 92.13116455078125, 92.24552154541016, 92.40379333496094, 92.5208969116211, 92.63603973388672, 92.74612426757812, 92.83386993408203, 92.8821029663086, 93.0195541381836, 93.04715728759766, 93.12710571289062, 93.18292999267578], "acc_5month": [76.7932357788086, 83.91114807128906, 84.7083969116211, 85.73944854736328, 85.59058380126953, 86.2755355834961, 86.59630584716797, 86.83489227294922, 86.98246002197266, 87.25310516357422, 87.44956970214844, 87.5685043334961, 87.8635025024414, 88.1740493774414, 88.41212463378906, 88.75591278076172, 89.09013366699219, 89.23176574707031, 89.52938079833984, 89.79922485351562, 90.10506439208984, 90.34976959228516, 90.61770629882812, 90.78253936767578, 91.01337432861328, 91.36341094970703, 91.47844696044922, 91.5973129272461, 91.82026672363281, 91.98922729492188, 92.12151336669922, 92.27570343017578, 92.40666961669922, 92.52470397949219, 92.63286590576172, 92.73155212402344, 92.85238647460938, 92.9437484741211, 93.00056457519531, 93.0609359741211, 93.1405029296875, 93.21178436279297], "acc_6month": [74.36067199707031, 83.06714630126953, 84.39425659179688, 85.0702896118164, 85.34581756591797, 85.7472152709961, 86.45167541503906, 86.60456848144531, 86.90225982666016, 87.03177642822266, 87.26290130615234, 87.38729095458984, 87.5980224609375, 87.73980712890625, 88.04594421386719, 88.33084106445312, 88.64698791503906, 88.73796844482422, 89.0517807006836, 89.31646728515625, 89.51771545410156, 89.78216552734375, 90.12599182128906, 90.19345092773438, 90.4638671875, 90.68241882324219, 90.89683532714844, 90.94868469238281, 91.20081329345703, 91.38297271728516, 91.5430679321289, 91.68966674804688, 91.831298828125, 91.94612121582031, 92.1135482788086, 92.19108581542969, 92.29767608642578, 92.40032958984375, 92.49431610107422, 92.60548400878906, 92.64434051513672, 92.7389144897461], "val_loss": [0.01249597780406475, 0.007810235023498535, 0.008603082038462162, 0.008313346654176712, 0.007625184487551451, 0.007306682877242565, 0.006521093659102917, 0.0068586645647883415, 0.006445068400353193, 0.007083815056830645, 0.006458972580730915, 0.0067052231170237064, 0.006257707718759775, 0.0065236338414251804, 0.006629197858273983, 0.007149920333176851, 0.006546247284859419, 0.006647234782576561, 0.007024481892585754, 0.006845282390713692, 0.006997726857662201, 0.007082851137965918, 0.006972084753215313, 0.007162800990045071, 0.007218946702778339, 0.0071011073887348175, 0.0072179981507360935, 0.007519210688769817, 0.007713454309850931, 0.008077520877122879, 0.007687036879360676, 0.007813065312802792, 0.008087565191090107, 0.00813295878469944, 0.008251997642219067, 0.008321866393089294, 0.00845192838460207, 0.008463487960398197, 0.008427143096923828, 0.00862990040332079, 0.008675605058670044, 0.00886277575045824],