{"loss": [0.012993313372135162, 0.008198550902307034, 0.007479014806449413, 0.0069185527972877026, 0.006706499494612217, 0.006571921054273844, 0.006294015794992447, 0.006074472796171904, 0.005888359155505896, 0.005728848744183779, 0.005659711547195911, 0.005462081171572208, 0.005332972854375839, 0.005252727307379246, 0.005074197892099619, 0.004985240288078785, 0.004833550658077002, 0.0046769301407039165, 0.004541480448096991, 0.004390880465507507, 0.004275181796401739, 0.00417337566614151, 0.0040529523976147175, 0.003936451394110918, 0.0038522128015756607, 0.0037371376529335976, 0.003656016429886222, 0.0035762290935963392, 0.0034955423325300217, 0.0034380515571683645, 0.0033724671229720116, 0.003309918101876974, 0.003264930797740817, 0.0032024425454437733, 0.0031606266275048256, 0.0031103696674108505, 0.003072987776249647, 0.0030339735094457865], "acc_mean": [76.9540786743164, 83.50503540039062, 84.67142486572266, 85.50892639160156, 85.7247314453125, 85.96293640136719, 86.3829345703125, 86.7469482421875, 87.0030746459961, 87.24622344970703, 87.32433319091797, 87.64103698730469, 87.86546325683594, 87.9557876586914, 88.27980041503906, 88.4325180053711, 88.703125, 88.9356918334961, 89.19621276855469, 89.46044158935547, 89.6541976928711, 89.84142303466797, 90.07221984863281, 90.29931640625, 90.45185852050781, 90.6837158203125, 90.8220443725586, 91.00212860107422, 91.1712646484375, 91.27689361572266, 91.41751861572266, 91.54531860351562, 91.63373565673828, 91.7756576538086, 91.85806274414062, 91.9688949584961, 92.05702209472656, 92.14055633544922], "acc_1month": [78.5141372680664, 85.83132934570312, 87.23146057128906, 88.06715393066406, 88.1414566040039, 88.45801544189453, 89.05636596679688, 89.15676879882812, 89.46455383300781, 89.61534118652344, 89.6407241821289, 89.99240112304688, 90.09602355957031, 90.15614318847656, 90.33760833740234, 90.50239562988281, 90.65158081054688, 90.68318176269531, 90.84880065917969, 91.0702133178711, 91.189208984375, 91.22081756591797, 91.40060424804688, 91.47711944580078, 91.63672637939453, 91.73782348632812, 91.78691864013672, 91.91351318359375, 92.04464721679688, 92.09343719482422, 92.22017669677734, 92.27655792236328, 92.33582305908203, 92.45329284667969, 92.51050567626953, 92.57913208007812, 92.63225555419922, 92.70514678955078], "acc_2month": [79.33433532714844, 85.23352813720703, 85.89535522460938, 86.58441162109375, 86.61871337890625, 87.02378845214844, 87.51702117919922, 87.46847534179688, 87.97730255126953, 88.08085632324219, 88.19581604003906, 88.46224975585938, 88.60347747802734, 88.62109375, 88.89419555664062, 89.13601684570312, 89.29676055908203, 89.54835510253906, 89.71109771728516, 89.97602081298828, 90.07257843017578, 90.27992248535156, 90.4913101196289, 90.66027069091797, 90.86894989013672, 91.00886535644531, 91.18988037109375, 91.30277252197266, 91.48625183105469, 91.5815200805664, 91.69605255126953, 91.81613159179688, 91.91239166259766, 92.04962921142578, 92.12059783935547, 92.2223129272461, 92.30137634277344, 92.38729858398438], "acc_3month": [79.12004852294922, 84.42880249023438, 85.244384765625, 85.95451354980469, 86.33787536621094, 86.51627349853516, 86.73465728759766, 87.00450134277344, 87.52621459960938, 87.60362243652344, 87.69358825683594, 88.01080322265625, 88.18439483642578, 88.30986022949219, 88.56791687011719, 88.86357879638672, 89.10237121582031, 89.29918670654297, 89.56477355957031, 89.82554626464844, 90.04795837402344, 90.16561889648438, 90.42631530761719, 90.6661605834961, 90.86209869384766, 91.07423400878906, 91.18292999267578, 91.409912109375, 91.53194427490234, 91.64559936523438, 91.79368591308594, 91.91038513183594, 91.97357177734375, 92.12238311767578, 92.19208526611328, 92.2830810546875, 92.40435791015625, 92.47110748291016], "acc_4month": [78.51408386230469, 83.86112976074219, 85.05535888671875, 85.84205627441406, 86.05854034423828, 86.20211029052734, 86.42936706542969, 86.99263763427734, 87.03913116455078, 87.32423400878906, 87.4360122680664, 87.7247543334961, 88.06532287597656, 88.18363189697266, 88.50732421875, 88.66561126708984, 88.9009017944336, 89.25506591796875, 89.5544204711914, 89.73168182373047, 89.98534393310547, 90.24038696289062, 90.44217681884766, 90.7418212890625, 90.80054473876953, 91.11390686035156, 91.23853302001953, 91.42424774169922, 91.58493041992188, 91.66022491455078, 91.80109405517578, 91.92340087890625, 92.02278137207031, 92.16747283935547, 92.23755645751953, 92.34393310546875, 92.40592956542969, 92.50646209716797], "acc_5month": [77.95934295654297, 83.93099212646484, 84.85237121582031, 85.7294921875, 85.9423828125, 85.96257019042969, 86.29256439208984, 86.93704223632812, 87.00035858154297, 87.2682113647461, 87.26573944091797, 87.61029815673828, 87.94548797607422, 87.97820281982422, 88.36195373535156, 88.45597076416016, 88.784423828125, 89.05155944824219, 89.3405532836914, 89.62838745117188, 89.8258285522461, 90.09355926513672, 90.30650329589844, 90.60357666015625, 90.66084289550781, 90.98104095458984, 91.13568115234375, 91.3070297241211, 91.479736328125, 91.6441650390625, 91.73738861083984, 91.90626525878906, 91.96170043945312, 92.10905456542969, 92.18679809570312, 92.31434631347656, 92.39832305908203, 92.47941589355469], "acc_6month": [75.83163452148438, 83.30220794677734, 84.54924011230469, 85.30331420898438, 85.4753646850586, 85.7343521118164, 86.31476593017578, 86.68353271484375, 86.64667510986328, 87.05067443847656, 87.18474578857422, 87.38582611083984, 87.48571014404297, 87.6348648071289, 87.94353485107422, 87.92894744873047, 88.31359100341797, 88.4785385131836, 88.82246398925781, 89.07703399658203, 89.27166748046875, 89.44625854492188, 89.72492980957031, 89.91033172607422, 90.08501434326172, 90.32506561279297, 90.51800537109375, 90.69886016845703, 90.87378692626953, 90.99288177490234, 91.18246459960938, 91.31311798095703, 91.43092346191406, 91.53459930419922, 91.66690063476562, 91.7800064086914, 91.87564086914062, 91.96600341796875], "val_loss": [0.012025880627334118, 0.00789559818804264, 0.008177940733730793, 0.006991312839090824, 0.007388390135020018, 0.006767159327864647, 0.00676502101123333, 0.006721340119838715, 0.006511019542813301, 0.006414438597857952, 0.006406649947166443, 0.006564555689692497, 0.006584759335964918, 0.006477949675172567, 0.006601923611015081, 0.0065477266907691956, 0.00695266155526042, 0.0065685142762959, 0.006831108592450619, 0.0070963213220238686, 0.006780518684536219, 0.007366620935499668, 0.006986476946622133, 0.007369678933173418, 0.007250246591866016, 0.00747177517041564, 0.007386366371065378, 0.00749988341704011, 0.0077970330603420734, 0.0076635959558188915, 0.007969200611114502, 0.007743569556623697, 0.008531695231795311, 0.008114632219076157, 0.008360986597836018, 0.008710113354027271, 0.008381237275898457, 0.008782320655882359], "val_acc_mean": [80.14921569824219, 84.20175170898438, 84.55073547363281, 85.22212982177734, 85.04827880859375, 85.8380126953125, 85.79878234863281, 85.74964904785156, 86.20636749267578, 86.49884796142578, 86.67648315429688, 86.12345123291016, 86.47187042236328, 86.34675598144531, 86.68794250488281, 86.33415985107422, 86.1346435546875, 86.79977416992188, 86.521240234375, 86.50642395019531, 86.7147445678711, 86.3575439453125, 86.64957427978516, 86.50823211669922, 86.66320037841797, 86.63877868652344, 86.83499908447266, 86.8687973022461, 86.60472869873047, 86.72144317626953, 86.7324447631836, 86.8582992553711, 86.37743377685547, 86.623291015625, 86.62860107421875, 86.50487518310547, 86.64990997314453, 86.50989532470703],