{"loss": [0.013243191875517368, 0.008165624924004078, 0.007430932950228453, 0.006961920764297247, 0.006557021290063858, 0.006590197328478098, 0.006232138257473707, 0.006008132826536894, 0.005852847825735807, 0.0057458942756056786, 0.005538893863558769, 0.005436447449028492, 0.005344076082110405, 0.005245452281087637, 0.005112085957080126, 0.004977155011147261, 0.004900509025901556, 0.0046975258737802505, 0.004632179159671068, 0.004484029021114111, 0.004370170645415783, 0.004263486247509718, 0.004162217024713755, 0.004047604277729988, 0.003943583462387323, 0.0038447503466159105, 0.0037523505743592978, 0.0036872769705951214, 0.0035973931662738323, 0.0035363321658223867, 0.0034722937270998955, 0.003413551952689886, 0.0033523566089570522, 0.003295141039416194], "acc_mean": [77.00711822509766, 83.66834259033203, 84.72151947021484, 85.42765045166016, 85.98323822021484, 85.96379852294922, 86.48904418945312, 86.77870178222656, 87.02799987792969, 87.17240905761719, 87.52290344238281, 87.64015197753906, 87.77865600585938, 87.94361877441406, 88.2184066772461, 88.4264144897461, 88.5290298461914, 88.89663696289062, 89.01046752929688, 89.26744079589844, 89.45729064941406, 89.66954040527344, 89.8584213256836, 90.07677459716797, 90.24891662597656, 90.4542236328125, 90.63919830322266, 90.7706527709961, 90.94520568847656, 91.06590270996094, 91.19469451904297, 91.31552124023438, 91.44512176513672, 91.56414031982422], "acc_1month": [78.34966278076172, 86.17549896240234, 87.13909149169922, 87.86087799072266, 88.4843521118164, 88.37828063964844, 89.0425033569336, 89.22328186035156, 89.51362609863281, 89.71662902832031, 89.85155487060547, 89.99784851074219, 90.04576873779297, 90.14418029785156, 90.34440612792969, 90.57305145263672, 90.52166748046875, 90.7599105834961, 90.8432846069336, 90.95777893066406, 91.09217834472656, 91.1704330444336, 91.28738403320312, 91.41256713867188, 91.51142120361328, 91.6809310913086, 91.72528076171875, 91.82201385498047, 91.93940734863281, 91.99951171875, 92.05037689208984, 92.14352416992188, 92.18484497070312, 92.26876068115234], "acc_2month": [79.19512939453125, 85.24117279052734, 85.76823425292969, 86.66259002685547, 86.94544982910156, 87.05458068847656, 87.30777740478516, 87.61993408203125, 87.81273651123047, 88.07125854492188, 88.29926300048828, 88.4910659790039, 88.53668212890625, 88.60101318359375, 88.84815216064453, 89.14702606201172, 89.11734008789062, 89.505859375, 89.55099487304688, 89.81428527832031, 90.06417846679688, 90.21517181396484, 90.36868286132812, 90.56974792480469, 90.6520767211914, 90.91999053955078, 91.03931427001953, 91.22447967529297, 91.34676361083984, 91.4575424194336, 91.56710815429688, 91.64360046386719, 91.83319854736328, 91.90180969238281], "acc_3month": [78.8831558227539, 84.528076171875, 85.2780532836914, 86.01578521728516, 86.49370574951172, 86.53347778320312, 86.88926696777344, 87.25572967529297, 87.36993408203125, 87.5789794921875, 87.87637329101562, 87.94168853759766, 88.07014465332031, 88.27550506591797, 88.5151596069336, 88.73689270019531, 88.92637634277344, 89.27745819091797, 89.44542694091797, 89.5920181274414, 89.8631362915039, 90.06077575683594, 90.26046752929688, 90.45217895507812, 90.65261840820312, 90.83797454833984, 91.035400390625, 91.14122009277344, 91.35186767578125, 91.47268676757812, 91.62120819091797, 91.6932144165039, 91.85517120361328, 91.98664093017578], "acc_4month": [78.507568359375, 84.25032806396484, 85.38018798828125, 85.8670425415039, 86.20015716552734, 86.1407699584961, 86.70793151855469, 86.98519134521484, 87.25791931152344, 87.20333862304688, 87.76312255859375, 87.77767181396484, 87.92919921875, 88.16497039794922, 88.42224884033203, 88.6250228881836, 88.87396240234375, 89.15833282470703, 89.28009796142578, 89.6053695678711, 89.76264190673828, 89.99930572509766, 90.2982177734375, 90.48186492919922, 90.62920379638672, 90.80946350097656, 91.06681823730469, 91.1786880493164, 91.35860443115234, 91.49201965332031, 91.62979125976562, 91.73282623291016, 91.85750579833984, 91.98139190673828], "acc_5month": [78.27435302734375, 84.24568939208984, 85.18238067626953, 85.55923461914062, 86.17322540283203, 86.12117004394531, 86.47525787353516, 86.82977294921875, 87.05801391601562, 87.15171813964844, 87.56285858154297, 87.68423461914062, 87.82530975341797, 88.0222396850586, 88.31547546386719, 88.3993911743164, 88.60704803466797, 89.02401733398438, 89.10811614990234, 89.43218994140625, 89.60843658447266, 89.91838073730469, 90.08258056640625, 90.3206787109375, 90.55529022216797, 90.7157211303711, 90.98030090332031, 91.09906005859375, 91.26228332519531, 91.39295196533203, 91.54358673095703, 91.708984375, 91.82056427001953, 91.93447875976562], "acc_6month": [75.84870147705078, 83.08329772949219, 84.41484832763672, 85.09330749511719, 85.76530456542969, 85.66446685791016, 86.2978286743164, 86.4736099243164, 86.80525207519531, 86.86781311035156, 87.14067840576172, 87.2396469116211, 87.51325988769531, 87.62271118164062, 87.88409423828125, 88.04524993896484, 88.09490203857422, 88.4394760131836, 88.60731506347656, 88.87823486328125, 88.9468765258789, 89.26627349853516, 89.4125747680664, 89.64969635009766, 89.88742065429688, 90.09661865234375, 90.25376892089844, 90.39736938476562, 90.59619903564453, 90.72830963134766, 90.87564849853516, 91.0453109741211, 91.1596450805664, 91.31119537353516], "val_loss": [0.01285417191684246, 0.008356960490345955, 0.007581150624901056, 0.007094590459018946, 0.007049642503261566, 0.006747672334313393, 0.006277280393987894, 0.006469471380114555, 0.0077905417419970036, 0.006785234902054071, 0.006230182945728302, 0.006269230041652918, 0.006380357779562473, 0.006455355789512396, 0.006315272301435471, 0.006691482849419117, 0.006307782139629126, 0.006411333568394184, 0.006663623731583357, 0.00624002143740654, 0.006913504097610712, 0.006785488221794367, 0.006776103284209967, 0.006467876024544239, 0.0067305671982467175, 0.006872150115668774, 0.006884600501507521, 0.006929158698767424, 0.007199025247246027, 0.007310055661946535, 0.007174311205744743, 0.007526329252868891, 0.007413146551698446, 0.007686402183026075], "val_acc_mean": [80.86339569091797, 83.03106689453125, 84.55821990966797, 85.62060546875, 85.39985656738281, 86.01519775390625, 86.65446472167969, 86.42182922363281, 84.62277221679688, 85.90160369873047, 86.6715316772461, 86.7144546508789, 86.30496215820312, 86.40906524658203, 86.73670959472656, 86.29374694824219, 86.94650268554688, 86.76400756835938, 86.51710510253906, 86.81615447998047, 86.27996826171875, 86.57514953613281, 86.61516571044922, 87.06379699707031, 86.9143295288086, 86.95413970947266, 87.03465270996094, 86.99372100830078, 86.93879699707031, 86.87340545654297, 86.9513931274414, 86.80531311035156, 86.91172790527344, 86.7747802734375], "val_acc_1month": [82.77804565429688, 86.71906280517578, 87.35353088378906, 88.54044342041016, 88.45246124267578, 88.70195007324219, 89.39706420898438, 89.83074188232422, 88.99395751953125, 89.12406921386719, 89.3814468383789, 89.67953491210938, 89.35800170898438, 89.45207214355469, 89.7983627319336, 89.97850036621094, 89.95904541015625, 89.84569549560547, 90.04341888427734, 90.29811096191406, 89.86060333251953, 89.88837432861328, 89.9417953491211, 90.33032989501953, 90.11184692382812, 90.20075988769531, 90.29373168945312, 90.29679870605469, 90.28913116455078, 90.29153442382812, 90.41162872314453, 90.21188354492188, 90.1352310180664, 90.2748794555664],