{"loss": [0.01394363958388567, 0.008443553932011127, 0.007557473611086607, 0.006995610427111387, 0.006666711997240782, 0.006278675980865955, 0.006245535798370838, 0.006020457949489355, 0.00585283013060689, 0.005783903878182173, 0.0055581917986273766, 0.005438628140836954, 0.005289085675030947, 0.0051956502720713615, 0.004987792111933231, 0.004877544939517975, 0.004747865721583366, 0.004581820219755173, 0.004457318224012852, 0.0042851585894823074, 0.004148982465267181, 0.004032909870147705, 0.003925103694200516, 0.0037970999255776405, 0.003699282417073846, 0.003596350084990263, 0.0035002576187253, 0.003396671498194337, 0.003320505144074559, 0.003246129024773836], "acc_mean": [75.57953643798828, 83.1889419555664, 84.47758483886719, 85.39618682861328, 85.81295776367188, 86.44305419921875, 86.44732666015625, 86.83258819580078, 87.03453063964844, 87.1069564819336, 87.50137329101562, 87.68159484863281, 87.9278793334961, 88.05712890625, 88.44700622558594, 88.60163116455078, 88.81488037109375, 89.11920928955078, 89.30191040039062, 89.64618682861328, 89.86225128173828, 90.08747100830078, 90.29689025878906, 90.53081512451172, 90.73255157470703, 90.92855072021484, 91.12101745605469, 91.3382797241211, 91.49677276611328, 91.6568603515625], "acc_1month": [75.92062377929688, 85.38069152832031, 86.92434692382812, 87.84010314941406, 88.2498779296875, 88.88505554199219, 88.83816528320312, 89.08293151855469, 89.33689880371094, 89.55937957763672, 89.81812286376953, 90.05001068115234, 90.01554107666016, 90.14755249023438, 90.39836883544922, 90.49286651611328, 90.5615463256836, 90.82528686523438, 90.80101776123047, 91.0765380859375, 91.15800476074219, 91.30947875976562, 91.40342712402344, 91.59535217285156, 91.70658874511719, 91.79312896728516, 91.94517517089844, 92.09481811523438, 92.18266296386719, 92.30511474609375], "acc_2month": [78.09713745117188, 84.61499786376953, 85.83082580566406, 86.51542663574219, 86.71720886230469, 87.28997802734375, 87.2228012084961, 87.58928680419922, 87.86134338378906, 87.86845397949219, 88.2790298461914, 88.54835510253906, 88.57447814941406, 88.75822448730469, 89.00054931640625, 89.24649810791016, 89.35485076904297, 89.68294525146484, 89.81050109863281, 90.10791778564453, 90.31388092041016, 90.50438690185547, 90.73492431640625, 90.9601821899414, 91.1241683959961, 91.27738952636719, 91.42901611328125, 91.67232513427734, 91.83999633789062, 91.95764923095703], "acc_3month": [78.00825500488281, 83.84503936767578, 85.2215805053711, 85.85147857666016, 86.36270141601562, 86.77272033691406, 86.97711181640625, 87.10614013671875, 87.45143127441406, 87.55319213867188, 87.89592742919922, 87.98922729492188, 88.2522964477539, 88.35279846191406, 88.84807586669922, 88.95982360839844, 89.22120666503906, 89.51599884033203, 89.760986328125, 90.02994537353516, 90.25761413574219, 90.50987243652344, 90.64482879638672, 90.94921875, 91.12460327148438, 91.33023834228516, 91.49514770507812, 91.6961441040039, 91.90830993652344, 92.01173400878906], "acc_4month": [77.20053100585938, 83.91133880615234, 85.13421630859375, 85.90214538574219, 86.28571319580078, 86.74614715576172, 86.75440216064453, 87.13385009765625, 87.33892822265625, 87.35274505615234, 87.71065521240234, 87.86568450927734, 88.17169189453125, 88.24336242675781, 88.72411346435547, 88.8929672241211, 89.11383056640625, 89.48368072509766, 89.64850616455078, 90.06722259521484, 90.30392456054688, 90.52447509765625, 90.68130493164062, 90.97570037841797, 91.14715576171875, 91.40737915039062, 91.59522247314453, 91.77437591552734, 91.9021224975586, 92.08622741699219], "acc_5month": [76.53343963623047, 84.07328033447266, 84.5751953125, 85.54051971435547, 85.9449691772461, 86.49757385253906, 86.50804138183594, 87.0075454711914, 87.0008316040039, 86.96424102783203, 87.43365478515625, 87.52336120605469, 87.99446105957031, 88.04271697998047, 88.45516204833984, 88.58989715576172, 88.9262466430664, 89.17158508300781, 89.43949127197266, 89.87944793701172, 90.063720703125, 90.30400848388672, 90.57723999023438, 90.7704086303711, 90.99549865722656, 91.22216033935547, 91.41542053222656, 91.62305450439453, 91.8243637084961, 91.95252227783203], "acc_6month": [75.34355926513672, 83.09695434570312, 84.16476440429688, 85.31166076660156, 85.59100341796875, 86.37547302246094, 86.33307647705078, 86.6751708984375, 86.79906463623047, 86.83938598632812, 87.2556381225586, 87.36482238769531, 87.65151977539062, 87.95214080810547, 88.14418029785156, 88.26496124267578, 88.52911376953125, 88.84056854248047, 89.01192474365234, 89.29463958740234, 89.60570526123047, 89.83954620361328, 90.1123046875, 90.27412414550781, 90.5619888305664, 90.70430755615234, 90.94878387451172, 91.1787109375, 91.29423522949219, 91.51734924316406], "val_loss": [0.0176630187779665, 0.008724643848836422, 0.007702467031776905, 0.006686383858323097, 0.007345236837863922, 0.006895019672811031, 0.006822049617767334, 0.006314366590231657, 0.0064214859157800674, 0.006374561693519354, 0.006252537947148085, 0.006339684594422579, 0.0062961457297205925, 0.006341809872537851, 0.006265435833483934, 0.006391540635377169, 0.00628349743783474, 0.006417897995561361, 0.006214916706085205, 0.006180162075906992, 0.006966389250010252, 0.006632351782172918, 0.0068126036785542965, 0.006941493134945631, 0.006705708801746368, 0.007014715578407049, 0.0070336079224944115, 0.007285772357136011, 0.0076119606383144855, 0.0077169518917799], "val_acc_mean": [78.36355590820312, 82.83548736572266, 84.50680541992188, 85.77520751953125, 85.125244140625, 85.58233642578125, 86.06207275390625, 86.64608764648438, 86.47783660888672, 86.61663055419922, 86.8100814819336, 86.51570892333984, 86.71050262451172, 86.49325561523438, 86.78142547607422, 86.692138671875, 87.08908081054688, 87.00225830078125, 87.17818450927734, 87.22222900390625, 86.43458557128906, 87.02417755126953, 86.80923461914062, 86.92459106445312, 86.93965911865234, 86.96923065185547, 86.96905517578125, 86.96202850341797, 86.88310241699219, 86.79456329345703], "val_acc_1month": [84.09934997558594, 86.65966796875, 87.62252044677734, 88.8124008178711, 88.68035888671875, 88.54679870605469, 88.54137420654297, 89.39399719238281, 89.51123046875, 89.92430877685547, 89.7051773071289, 89.87171936035156, 89.8915023803711, 89.97219848632812, 90.00616455078125, 89.83490753173828, 90.15084838867188, 89.74160766601562, 90.0384292602539, 90.19588470458984, 89.33504486083984, 90.26984405517578, 90.20169067382812, 89.82022094726562, 90.14624786376953, 90.15315246582031, 90.24727630615234, 90.08280944824219, 90.25127410888672, 90.20980072021484], "val_acc_2month": [82.53722381591797, 85.64969635009766, 85.14096069335938, 87.09483337402344, 86.9900894165039, 86.2796401977539, 86.8447036743164, 88.06025695800781, 87.66551971435547, 87.82604217529297, 87.87715148925781, 87.3788833618164, 87.79014587402344, 87.80115509033203, 87.91382598876953, 87.94576263427734, 88.20690155029297, 88.06890106201172, 88.14765167236328, 88.17381286621094, 86.83969116210938, 88.22943115234375, 88.00640106201172, 87.79730224609375, 88.04450988769531, 88.12419128417969, 88.0057373046875, 87.96493530273438, 87.92962646484375, 87.6774673461914], "val_acc_3month": [81.75735473632812, 84.38493347167969, 84.60565185546875, 86.0914535522461, 85.16068267822266, 86.01438903808594, 86.42576599121094, 87.11575317382812, 86.77671813964844, 86.96932983398438, 87.315673828125, 86.70829772949219, 87.26067352294922, 87.02360534667969, 86.99078369140625, 86.92475128173828, 87.36884307861328, 87.46769714355469, 87.56527709960938, 87.49890899658203, 86.55805969238281, 87.35769653320312, 86.90080261230469, 87.30131530761719, 87.18721008300781, 87.04888916015625, 87.11214447021484, 87.13931274414062, 87.03058624267578, 86.75930786132812],