{"loss": [0.013046830892562866, 0.008492403663694859, 0.00764984218403697, 0.007071776315569878, 0.0066012367606163025, 0.00642437394708395, 0.006308928597718477, 0.006014097947627306, 0.005997365806251764, 0.005724957678467035, 0.0055834329687058926, 0.005429130047559738, 0.005347416736185551, 0.005230749025940895, 0.005118628963828087, 0.004913996905088425, 0.004786625970155001, 0.00465997401624918, 0.004522520117461681, 0.004362071398645639, 0.0042637852020561695, 0.004134466405957937, 0.00403036130592227, 0.0039185225032269955, 0.0038369435351341963, 0.00370957562699914, 0.003629459301009774, 0.0035454770550131798, 0.003465343499556184, 0.003385232063010335], "acc_mean": [77.13286590576172, 83.15493774414062, 84.41975402832031, 85.3248291015625, 85.99750518798828, 86.23149871826172, 86.35887145996094, 86.78679656982422, 86.81805419921875, 87.23226165771484, 87.46685028076172, 87.6805419921875, 87.85118103027344, 88.0146713256836, 88.19319152832031, 88.5344009399414, 88.75233459472656, 88.98058319091797, 89.21961212158203, 89.51457977294922, 89.67774200439453, 89.93048095703125, 90.1190185546875, 90.31632232666016, 90.47138977050781, 90.72803497314453, 90.889892578125, 91.04318237304688, 91.2164306640625, 91.39008331298828], "acc_1month": [78.5582275390625, 85.77745819091797, 86.74694061279297, 87.86479949951172, 88.48897552490234, 88.6966552734375, 88.89622497558594, 89.29244995117188, 89.13699340820312, 89.69807434082031, 89.83773040771484, 89.9375228881836, 90.05985260009766, 90.21283721923828, 90.31895446777344, 90.55397033691406, 90.65689849853516, 90.70927429199219, 90.91460418701172, 91.07972717285156, 91.11880493164062, 91.35612487792969, 91.454345703125, 91.52332305908203, 91.59255981445312, 91.79718780517578, 91.88928985595703, 91.91810607910156, 92.08573913574219, 92.2171859741211], "acc_2month": [78.48281860351562, 84.72038269042969, 85.60860443115234, 86.54325866699219, 87.06217956542969, 87.26807403564453, 87.09355926513672, 87.74451446533203, 87.57865142822266, 88.06816864013672, 88.22921752929688, 88.34738159179688, 88.66073608398438, 88.7490005493164, 88.96973419189453, 89.1102523803711, 89.4129638671875, 89.56837463378906, 89.6933822631836, 89.98998260498047, 90.16373443603516, 90.36859130859375, 90.50975799560547, 90.69692993164062, 90.83511352539062, 91.0951156616211, 91.29230499267578, 91.3653564453125, 91.53176879882812, 91.66168212890625], "acc_3month": [79.07136535644531, 83.92427062988281, 85.2175064086914, 85.73878479003906, 86.47815704345703, 86.81593322753906, 86.64141845703125, 87.19393920898438, 87.24455261230469, 87.66378021240234, 87.9370346069336, 88.09171295166016, 88.24723052978516, 88.38207244873047, 88.62864685058594, 88.85194396972656, 89.16191101074219, 89.4102554321289, 89.6487808227539, 89.92432403564453, 90.06494140625, 90.32926940917969, 90.54207611083984, 90.77790832519531, 90.87744140625, 91.14310455322266, 91.31999969482422, 91.44007873535156, 91.62039184570312, 91.75605773925781], "acc_4month": [78.41033935546875, 83.70618438720703, 85.05142211914062, 85.47128295898438, 86.2883071899414, 86.33324432373047, 86.54541778564453, 86.91480255126953, 87.05915832519531, 87.41407012939453, 87.62696075439453, 87.90176391601562, 88.07295989990234, 88.17374420166016, 88.45429992675781, 88.7865219116211, 89.04212951660156, 89.28112030029297, 89.59706115722656, 89.87079620361328, 90.01056671142578, 90.27781677246094, 90.54306030273438, 90.73619842529297, 90.89447784423828, 91.13742065429688, 91.30850982666016, 91.47919464111328, 91.59803009033203, 91.81381225585938], "acc_5month": [78.71724700927734, 83.64768981933594, 84.59455108642578, 85.37720489501953, 86.06779479980469, 86.13153076171875, 86.50605773925781, 86.6702880859375, 86.9163818359375, 87.23591613769531, 87.41679382324219, 87.66941833496094, 87.78976440429688, 87.94779205322266, 88.10631561279297, 88.5369644165039, 88.75833129882812, 88.9996337890625, 89.29801177978516, 89.64256286621094, 89.8512191772461, 90.07212829589844, 90.27891540527344, 90.54130554199219, 90.70668029785156, 90.97357177734375, 91.11763763427734, 91.35090637207031, 91.53630065917969, 91.73628997802734], "acc_6month": [76.94767761230469, 82.82793426513672, 84.13651275634766, 85.27177429199219, 85.71595001220703, 86.18070220947266, 86.42919921875, 86.63782501220703, 86.76707458496094, 86.86712646484375, 87.1435775756836, 87.44081115722656, 87.4981689453125, 87.7236557006836, 87.72245788574219, 88.282958984375, 88.35589599609375, 88.67755889892578, 88.89601135253906, 89.13746643066406, 89.37249755859375, 89.58079528808594, 89.73114776611328, 89.94283294677734, 90.16266632080078, 90.40171813964844, 90.53749084472656, 90.7633285522461, 90.9394302368164, 91.12486267089844], "val_loss": [0.01113500352948904, 0.00775982066988945, 0.008755596354603767, 0.0070051271468400955, 0.006759339943528175, 0.007006473373621702, 0.006695043761283159, 0.006620214786380529, 0.006770582403987646, 0.006327436771243811, 0.006307692267000675, 0.00658099539577961, 0.006377325858920813, 0.007165971677750349, 0.006256394553929567, 0.0064683035016059875, 0.0063795289024710655, 0.006553198676556349, 0.006686126813292503, 0.006552138831466436, 0.006767588201910257, 0.00697696628049016, 0.007311673369258642, 0.007329319138079882, 0.007608521729707718, 0.007408230099827051, 0.007359314244240522, 0.007434981409460306, 0.007810954935848713, 0.007704123388975859], "val_acc_mean": [79.6791763305664, 84.24661254882812, 84.06932067871094, 85.43696594238281, 85.90355682373047, 85.56255340576172, 86.0960464477539, 85.9469985961914, 86.01481628417969, 86.45893096923828, 86.62622833251953, 86.40767669677734, 86.71630859375, 85.7117691040039, 86.83036041259766, 86.64373779296875, 86.7439956665039, 86.74384307861328, 86.8232192993164, 86.91516876220703, 86.6943359375, 86.8787612915039, 86.6183853149414, 86.67168426513672, 86.50546264648438, 86.67566680908203, 86.83007049560547, 86.87062072753906, 86.66317749023438, 86.7174072265625], "val_acc_1month": [84.84223175048828, 87.9374771118164, 87.89386749267578, 87.65796661376953, 88.35636138916016, 88.52778625488281, 89.51271057128906, 88.89540100097656, 88.99220275878906, 89.32030487060547, 89.78477478027344, 89.2563247680664, 89.7689437866211, 88.98036193847656, 89.85928344726562, 90.02002716064453, 90.02659606933594, 89.8751220703125, 90.12049865722656, 90.02030181884766, 89.83660125732422, 90.07223510742188, 89.89938354492188, 90.18098449707031, 90.07568359375, 90.23565673828125, 90.25187683105469, 90.17188262939453, 90.10877990722656, 90.18229675292969], "val_acc_2month": [82.26930236816406, 85.017333984375, 85.97537994384766, 86.31725311279297, 87.2052993774414, 87.23102569580078, 87.05451965332031, 86.70857238769531, 87.56061553955078, 87.35525512695312, 87.814208984375, 87.58858489990234, 87.73352813720703, 87.26615142822266, 87.9581069946289, 88.08734893798828, 88.0212631225586, 87.58380126953125, 88.09319305419922, 88.2677001953125, 88.10690307617188, 88.16043090820312, 87.90958404541016, 88.09004974365234, 87.89972686767578, 88.0752944946289, 88.11813354492188, 88.14622497558594, 87.90567779541016, 88.0826187133789], "val_acc_3month": [78.3143310546875, 84.7037353515625, 85.23414611816406, 85.79173278808594, 86.86099243164062, 85.60150909423828, 85.97696685791016, 86.71012878417969, 86.95878601074219, 87.01151275634766, 87.22280883789062, 86.69860076904297, 87.02942657470703, 86.73064422607422, 87.35997009277344, 87.22663879394531, 87.26216888427734, 86.96916198730469, 87.27819061279297, 87.32337951660156, 87.15473175048828, 87.24609375, 87.03136444091797, 87.0109634399414, 87.00403594970703, 87.08714294433594, 87.12456512451172, 87.20999908447266, 86.95147705078125, 87.17335510253906],