{"loss": [0.013754155486822128, 0.008545164950191975, 0.007551069371402264, 0.006888555828481913, 0.006611575372517109, 0.00640658987686038, 0.006095534656196833, 0.005984509829431772, 0.0057722725905478, 0.005657860543578863, 0.005585420876741409, 0.005355771165341139, 0.0052654496394097805, 0.005136065650731325, 0.004987512715160847, 0.004854585509747267, 0.0046666814014315605, 0.004545745439827442, 0.00439060665667057, 0.004221712239086628, 0.004098960664123297, 0.0040021841414272785, 0.003837399883195758, 0.0037031967658549547, 0.003608676139265299, 0.0034837592393159866, 0.0034200986847281456, 0.0033009645994752645, 0.0032063210383057594, 0.0031221602112054825, 0.00303851836360991], "acc_mean": [76.2730941772461, 83.12223815917969, 84.57759857177734, 85.5818862915039, 85.89917755126953, 86.15080261230469, 86.66377258300781, 86.85088348388672, 87.1288070678711, 87.28251647949219, 87.42110443115234, 87.73783874511719, 87.92679595947266, 88.13428497314453, 88.39285278320312, 88.6085433959961, 88.93234252929688, 89.14282989501953, 89.40196228027344, 89.72752380371094, 89.9503402709961, 90.14761352539062, 90.44790649414062, 90.72258758544922, 90.90707397460938, 91.17517852783203, 91.29328918457031, 91.54751586914062, 91.73989868164062, 91.93364715576172, 92.11410522460938], "acc_1month": [76.7236328125, 85.37881469726562, 87.32145690917969, 88.1576919555664, 88.49101257324219, 88.72698974609375, 89.0369873046875, 89.36863708496094, 89.5893325805664, 89.69293212890625, 89.65516662597656, 89.99869537353516, 90.19395446777344, 90.41595458984375, 90.45072174072266, 90.52969360351562, 90.76244354248047, 90.96935272216797, 91.02073669433594, 91.25775146484375, 91.32413482666016, 91.46234893798828, 91.60678100585938, 91.76924896240234, 91.89579010009766, 92.06925201416016, 92.09748840332031, 92.28496551513672, 92.43236541748047, 92.60506439208984, 92.71894073486328], "acc_2month": [78.34817504882812, 84.53975677490234, 85.93228149414062, 86.7131576538086, 86.83272552490234, 87.07982635498047, 87.4503173828125, 87.81712341308594, 87.95606231689453, 88.04550170898438, 88.24532318115234, 88.54876708984375, 88.7819595336914, 88.98001861572266, 89.00619506835938, 89.31051635742188, 89.64655303955078, 89.80215454101562, 90.10355377197266, 90.29547882080078, 90.46279907226562, 90.73583221435547, 90.9334716796875, 91.24411010742188, 91.34459686279297, 91.6361083984375, 91.79010009765625, 91.97846984863281, 92.14031982421875, 92.35918426513672, 92.49737548828125], "acc_3month": [78.99166870117188, 84.22647857666016, 85.20489501953125, 86.20965576171875, 86.4429702758789, 86.78718566894531, 87.12568664550781, 87.3230209350586, 87.59603881835938, 87.71681213378906, 87.8470458984375, 88.14868927001953, 88.34965515136719, 88.46510314941406, 88.76448059082031, 89.03460693359375, 89.31649017333984, 89.49732971191406, 89.87933349609375, 90.21031951904297, 90.34779357910156, 90.57787322998047, 90.85338592529297, 91.16651153564453, 91.3643569946289, 91.6145248413086, 91.76487731933594, 91.99809265136719, 92.15425872802734, 92.31999969482422, 92.46980285644531], "acc_4month": [78.48677825927734, 83.85171508789062, 84.96092987060547, 85.89031219482422, 86.17536163330078, 86.53072357177734, 86.98564147949219, 87.04987335205078, 87.23980712890625, 87.53978729248047, 87.6430435180664, 87.98246765136719, 88.1927490234375, 88.36937713623047, 88.67797088623047, 88.95904541015625, 89.20840454101562, 89.48684692382812, 89.74021911621094, 90.07693481445312, 90.32942962646484, 90.54378509521484, 90.8587646484375, 91.09762573242188, 91.31855773925781, 91.58663940429688, 91.6644287109375, 91.9054183959961, 92.11799621582031, 92.29144287109375, 92.5057144165039], "acc_5month": [77.56787872314453, 83.76920318603516, 84.63858032226562, 85.62741088867188, 85.90966796875, 86.12126922607422, 86.733154296875, 86.68277740478516, 87.06971740722656, 87.19549560546875, 87.3707504272461, 87.6297607421875, 87.81035614013672, 88.04322052001953, 88.40660095214844, 88.64997863769531, 89.03629302978516, 89.1565933227539, 89.48403930664062, 89.84626770019531, 90.16345977783203, 90.30872344970703, 90.70427703857422, 90.99011993408203, 91.24871826171875, 91.49067687988281, 91.60877990722656, 91.86734771728516, 92.08724212646484, 92.26846313476562, 92.4194564819336], "acc_6month": [75.26815032958984, 82.56183624267578, 84.22570037841797, 85.24675750732422, 85.64868927001953, 85.83053588867188, 86.40084838867188, 86.52445983886719, 86.93489074707031, 86.97378540039062, 87.20545959472656, 87.3727798461914, 87.42838287353516, 87.71613311767578, 88.09107208251953, 88.20945739746094, 88.59992980957031, 88.8148193359375, 88.96825408935547, 89.33940887451172, 89.68221282958984, 89.80915832519531, 90.12973022460938, 90.43559265136719, 90.6175765991211, 90.88591766357422, 91.0848159790039, 91.40084075927734, 91.5696029663086, 91.76484680175781, 91.98542785644531], "val_loss": [0.011219581589102745, 0.010536780580878258, 0.007306007668375969, 0.007240422070026398, 0.007676212582737207, 0.006514344830065966, 0.0066101523116230965, 0.007005046587437391, 0.006700901314616203, 0.00623262720182538, 0.006492630112916231, 0.006425553001463413, 0.006547021679580212, 0.006490293890237808, 0.006468783598393202, 0.006471265573054552, 0.00683173630386591, 0.007163648959249258, 0.006491392385214567, 0.007069004233926535, 0.006616578437387943, 0.0070661334320902824, 0.0071449195966124535, 0.007485970854759216, 0.007692230399698019, 0.00786596816033125, 0.0075834691524505615, 0.007913641631603241, 0.007786191534250975, 0.00794833991676569, 0.00815331470221281], "val_acc_mean": [79.31631469726562, 80.99407196044922, 85.0379409790039, 85.46392059326172, 84.2540283203125, 86.15165710449219, 86.2318115234375, 85.51557922363281, 85.8582763671875, 86.61808013916016, 86.26535034179688, 86.49124908447266, 86.35537719726562, 86.42861938476562, 86.59905242919922, 86.5290298461914, 86.36602020263672, 86.19402313232422, 86.80255889892578, 86.47164154052734, 86.9430923461914, 86.61652374267578, 86.65288543701172, 86.4392318725586, 86.50851440429688, 86.49808502197266, 86.73188018798828, 86.51751708984375, 86.82967376708984, 86.74666595458984, 86.76622009277344], "val_acc_1month": [84.30741882324219, 84.4520492553711, 87.53300476074219, 88.11219024658203, 85.27689361572266, 89.27965545654297, 89.7415542602539, 89.1355209350586, 89.45809936523438, 89.48247528076172, 89.32425689697266, 89.5237808227539, 89.58240509033203, 89.60420227050781, 89.79765319824219, 89.67438507080078, 89.36386108398438, 89.34610748291016, 90.12532043457031, 89.73925018310547, 89.97208404541016, 89.75513458251953, 89.9454574584961, 89.72900390625, 89.79206085205078, 89.56415557861328, 90.10499572753906, 89.87845611572266, 90.0069808959961, 89.99498748779297, 89.99745178222656], "val_acc_2month": [83.63150787353516, 82.82627868652344, 85.8089599609375, 87.16983795166016, 84.88500213623047, 86.55250549316406, 87.81497192382812, 86.43949890136719, 87.50173950195312, 87.89741516113281, 87.84845733642578, 87.6212387084961, 87.5277328491211, 87.8853530883789, 87.55824279785156, 87.81844329833984, 87.47139739990234, 87.41649627685547, 88.04560852050781, 87.57547760009766, 87.96791076660156, 87.6419448852539, 87.64789581298828, 87.85121154785156, 87.49017333984375, 87.44248962402344, 87.82268524169922, 87.54249572753906, 87.8350830078125, 87.79592895507812, 87.7705307006836], "val_acc_3month": [82.5271224975586, 82.40885925292969, 85.87206268310547, 86.47444915771484, 85.13545989990234, 86.85489654541016, 86.81009674072266, 85.22433471679688, 86.34820556640625, 87.02803802490234, 87.01334381103516, 86.89525604248047, 86.82855987548828, 86.68529510498047, 86.6051254272461, 86.86958312988281, 86.71068572998047, 86.45848083496094, 87.22187042236328, 86.9014663696289, 87.29100036621094, 86.85057067871094, 86.34898376464844, 86.68834686279297, 86.6080093383789, 86.6460952758789, 86.81309509277344, 86.64005279541016, 86.82849884033203, 86.9585189819336, 86.79762268066406],