{"loss": [0.013424960896372795, 0.008371718227863312, 0.007445342838764191, 0.007180964108556509, 0.006729516666382551, 0.006414968054741621, 0.0062339832074940205, 0.006205752957612276, 0.0059409597888588905, 0.005749721545726061, 0.005590228363871574, 0.0055023240856826305, 0.0054763564839959145, 0.005296235904097557, 0.005177628248929977, 0.0050916047766804695, 0.004945509135723114, 0.0047958227805793285, 0.004706207197159529, 0.004552510101348162, 0.004442847799509764, 0.004331030882894993, 0.00420804601162672, 0.004124712664633989, 0.004034668207168579, 0.0039479793049395084, 0.003849204396829009, 0.003761063562706113, 0.003688487224280834, 0.003605572273954749, 0.00353812612593174, 0.003471729578450322], "acc_mean": [76.49913787841797, 83.39046478271484, 84.77141571044922, 85.15664672851562, 85.83635711669922, 86.26215362548828, 86.54122924804688, 86.52465057373047, 86.95075988769531, 87.26042175292969, 87.48358154296875, 87.63507843017578, 87.68577575683594, 87.94048309326172, 88.12954711914062, 88.28909301757812, 88.51968383789062, 88.76597595214844, 88.91486358642578, 89.165283203125, 89.36824035644531, 89.57525634765625, 89.78508758544922, 89.92156982421875, 90.11975860595703, 90.295654296875, 90.4610366821289, 90.63072967529297, 90.77240753173828, 90.9416732788086, 91.0865249633789, 91.21115112304688], "acc_1month": [77.5423355102539, 85.7620620727539, 87.20228576660156, 87.44000244140625, 88.13859558105469, 88.74874114990234, 89.16423034667969, 88.99346160888672, 89.52957153320312, 89.68013763427734, 89.81676483154297, 89.96038818359375, 90.017578125, 90.10831451416016, 90.26240539550781, 90.29370880126953, 90.4312744140625, 90.55574798583984, 90.70303344726562, 90.83426666259766, 90.92672729492188, 91.04702758789062, 91.19300079345703, 91.24304962158203, 91.3432388305664, 91.46121978759766, 91.54766082763672, 91.61015319824219, 91.71417236328125, 91.8344955444336, 91.88702392578125, 91.9659423828125], "acc_2month": [78.5098648071289, 84.67251586914062, 85.77059173583984, 86.31673431396484, 86.57450103759766, 87.22854614257812, 87.43541717529297, 87.44312286376953, 87.90444946289062, 88.03030395507812, 88.2916259765625, 88.38977813720703, 88.36605072021484, 88.63259887695312, 88.8127212524414, 88.90003967285156, 89.07855987548828, 89.33267211914062, 89.4575424194336, 89.68563079833984, 89.85971069335938, 89.99290466308594, 90.1852035522461, 90.31484985351562, 90.4738998413086, 90.6336898803711, 90.73841857910156, 90.95096588134766, 91.07537078857422, 91.22026824951172, 91.32196044921875, 91.46426391601562], "acc_3month": [78.84098052978516, 84.1335678100586, 85.2026138305664, 85.87397766113281, 86.33233642578125, 86.66609191894531, 86.83525085449219, 86.76617431640625, 87.3921127319336, 87.63644409179688, 87.87958526611328, 87.93689727783203, 88.05911254882812, 88.30249786376953, 88.43476867675781, 88.58329010009766, 88.81410217285156, 89.1832046508789, 89.20319366455078, 89.51648712158203, 89.70488739013672, 89.8914794921875, 90.11599731445312, 90.27139282226562, 90.45065307617188, 90.6098861694336, 90.80594635009766, 90.9939193725586, 91.15788269042969, 91.2757339477539, 91.42291259765625, 91.5431900024414], "acc_4month": [78.46574401855469, 84.01268005371094, 85.2706527709961, 85.42060852050781, 86.20783996582031, 86.47026062011719, 86.78932189941406, 86.74366760253906, 87.0058364868164, 87.49276733398438, 87.51879119873047, 87.77511596679688, 87.94245910644531, 88.0615005493164, 88.30889129638672, 88.49147033691406, 88.77310943603516, 89.03406524658203, 89.16351318359375, 89.44902038574219, 89.68892669677734, 89.872314453125, 90.1252670288086, 90.27991485595703, 90.51854705810547, 90.70648956298828, 90.87911987304688, 91.0313949584961, 91.18980407714844, 91.36002349853516, 91.5498046875, 91.66375732421875], "acc_5month": [77.93452453613281, 83.95301818847656, 85.26998138427734, 85.24813842773438, 86.06632232666016, 86.34577178955078, 86.5279769897461, 86.68360137939453, 86.94418334960938, 87.26911163330078, 87.45458221435547, 87.58975219726562, 87.67656707763672, 87.92008209228516, 88.17701721191406, 88.41683197021484, 88.58988952636719, 88.84192657470703, 89.10337829589844, 89.26866912841797, 89.55377960205078, 89.85752868652344, 90.00953674316406, 90.21681213378906, 90.40656280517578, 90.62834930419922, 90.86029815673828, 90.97765350341797, 91.17431640625, 91.34485626220703, 91.50931549072266, 91.63532257080078], "acc_6month": [75.57549285888672, 83.28328704833984, 84.7264633178711, 85.10008239746094, 85.84138488769531, 86.20726776123047, 86.38929748535156, 86.35240173339844, 86.56230926513672, 86.91936492919922, 87.29350280761719, 87.47161865234375, 87.38082885742188, 87.64497375488281, 87.83116912841797, 88.02774810791016, 88.35903930664062, 88.45976257324219, 88.65234375, 88.90093231201172, 89.08998107910156, 89.28779602050781, 89.51800537109375, 89.62322235107422, 89.85670471191406, 90.00891876220703, 90.16536712646484, 90.3682861328125, 90.44994354248047, 90.6723403930664, 90.83468627929688, 90.96331787109375], "val_loss": [0.01510391104966402, 0.009419085457921028, 0.00783559400588274, 0.007213667035102844, 0.007003067992627621, 0.007783138658851385, 0.007086413912475109, 0.006972560193389654, 0.0068493131548166275, 0.006704879458993673, 0.00700164120644331, 0.006448864471167326, 0.006787178106606007, 0.006858809385448694, 0.006773286499083042, 0.00632801279425621, 0.006659756414592266, 0.0067566316574811935, 0.006827589124441147, 0.0068214754574000835, 0.0069422940723598, 0.006738843396306038, 0.006850630510598421, 0.007415181957185268, 0.0069358632899820805, 0.007315325550734997, 0.007450588978827, 0.007296252530068159, 0.007576227653771639, 0.007694324012845755, 0.007912687957286835, 0.007882102392613888], "val_acc_mean": [79.58429718017578, 81.71712493896484, 84.44493103027344, 85.31209564208984, 85.36628723144531, 84.47988891601562, 85.93279266357422, 85.53475189208984, 85.77376556396484, 86.08586120605469, 85.913330078125, 86.57652282714844, 86.05165100097656, 85.81834411621094, 86.17010498046875, 86.89065551757812, 86.48734283447266, 86.18073272705078, 86.56106567382812, 86.54794311523438, 86.36390686035156, 86.9612808227539, 86.63958740234375, 86.3612060546875, 86.66749572753906, 86.53021240234375, 86.61161041259766, 86.71417236328125, 86.57913970947266, 86.39867401123047, 86.29267120361328, 86.5023422241211], "val_acc_1month": [82.46160125732422, 84.44202423095703, 87.5519027709961, 87.57786560058594, 88.5818099975586, 88.46117401123047, 88.68299865722656, 89.3809585571289, 88.96053314208984, 89.27483367919922, 89.11540985107422, 89.74226379394531, 89.15545654296875, 89.01679992675781, 89.793212890625, 89.74872589111328, 89.93680572509766, 89.32496643066406, 89.88372039794922, 89.78411865234375, 89.63642120361328, 90.25045013427734, 89.87358093261719, 89.61992645263672, 89.97767639160156, 89.82794952392578, 89.84273529052734, 89.99224853515625, 89.9881362915039, 89.74555206298828, 89.908203125, 89.9622802734375], "val_acc_2month": [82.4240493774414, 83.0073471069336, 86.14846801757812, 86.65670013427734, 86.13816833496094, 85.15467834472656, 87.12187194824219, 86.35530090332031, 87.40167999267578, 87.0764389038086, 86.80968475341797, 87.69586181640625, 87.24819946289062, 87.23410034179688, 87.39341735839844, 88.05001068115234, 88.01641845703125, 86.5479965209961, 87.6181640625, 87.55851745605469, 87.36781311035156, 88.01944732666016, 87.69873046875, 87.40377807617188, 87.71194458007812, 87.68412780761719, 87.59629821777344, 87.77030944824219, 87.61270904541016, 87.37882232666016, 87.3541030883789, 87.53907775878906],