{"loss": [0.012968970462679863, 0.00820508599281311, 0.007582453079521656, 0.006967298686504364, 0.0067122881300747395, 0.006417009048163891, 0.006171735469251871, 0.006140743847936392, 0.005949582438915968, 0.005738213658332825, 0.005597641225904226, 0.005448491312563419, 0.005322768818587065, 0.005243956111371517, 0.00508536584675312, 0.004959835205227137, 0.004784048069268465, 0.00462175440043211, 0.0044718291610479355, 0.004374516196548939, 0.0042328545823693275, 0.00410609133541584, 0.00397604051977396, 0.0038588938768953085, 0.0037618486676365137, 0.0036569181829690933], "acc_mean": [76.96602630615234, 83.55059814453125, 84.55735778808594, 85.41353607177734, 85.7822036743164, 86.2762451171875, 86.60739135742188, 86.62347412109375, 86.90839385986328, 87.22940826416016, 87.46493530273438, 87.70240783691406, 87.89867401123047, 87.99104309082031, 88.28807830810547, 88.45597839355469, 88.75387573242188, 89.03080749511719, 89.31649017333984, 89.4872817993164, 89.73052978515625, 89.97882843017578, 90.21158599853516, 90.4216537475586, 90.61001586914062, 90.8193130493164], "acc_1month": [78.62550354003906, 86.2173843383789, 87.125, 87.87806701660156, 88.32483673095703, 88.79679870605469, 89.01802825927734, 88.92447662353516, 89.29725646972656, 89.6069107055664, 89.77857208251953, 89.94268035888672, 90.10948181152344, 90.11577606201172, 90.40129089355469, 90.46456909179688, 90.63643646240234, 90.78984069824219, 90.96826171875, 91.01075744628906, 91.2204360961914, 91.2973403930664, 91.39962005615234, 91.56166076660156, 91.58844757080078, 91.74825286865234], "acc_2month": [79.44983673095703, 85.11421203613281, 85.72518920898438, 86.42686462402344, 86.63401794433594, 87.26892852783203, 87.46121215820312, 87.63798522949219, 87.79918670654297, 88.02970886230469, 88.2267837524414, 88.41412353515625, 88.65388488769531, 88.75869750976562, 88.94961547851562, 89.09451293945312, 89.37763977050781, 89.56060028076172, 89.80451965332031, 89.99726867675781, 90.2186279296875, 90.46766662597656, 90.62312316894531, 90.87014770507812, 90.98594665527344, 91.15816497802734], "acc_3month": [79.06108093261719, 84.59188079833984, 85.03976440429688, 86.07823944091797, 86.244384765625, 86.62446594238281, 87.04093933105469, 87.13201141357422, 87.32170104980469, 87.57516479492188, 87.8481674194336, 88.13422393798828, 88.2548828125, 88.41145324707031, 88.6987075805664, 88.88768005371094, 89.13658905029297, 89.44526672363281, 89.65804290771484, 89.92578887939453, 90.14291381835938, 90.3467788696289, 90.62458038330078, 90.83692169189453, 91.01947021484375, 91.18511962890625], "acc_4month": [78.61702728271484, 84.11531066894531, 85.05451202392578, 85.84008026123047, 86.12289428710938, 86.43966674804688, 86.86310577392578, 86.93717956542969, 87.15841674804688, 87.42593383789062, 87.62224578857422, 87.9040756225586, 88.1447525024414, 88.17784881591797, 88.5343246459961, 88.75288391113281, 89.04894256591797, 89.33438873291016, 89.63912200927734, 89.78466796875, 90.07427215576172, 90.34291076660156, 90.61583709716797, 90.8272476196289, 90.98522186279297, 91.26626586914062], "acc_5month": [77.90653228759766, 83.6483383178711, 84.67798614501953, 85.55517578125, 85.94196319580078, 86.35223388671875, 86.71102905273438, 86.61982727050781, 86.91620635986328, 87.30264282226562, 87.48820495605469, 87.69654083251953, 87.86917877197266, 87.98033905029297, 88.26217651367188, 88.45751953125, 88.73969268798828, 89.0914306640625, 89.48367309570312, 89.63166046142578, 89.89337158203125, 90.22622680664062, 90.48351287841797, 90.70596313476562, 90.92018127441406, 91.1632308959961], "acc_6month": [75.67666625976562, 83.04251098632812, 84.564697265625, 85.12377166748047, 85.77063751220703, 86.10220336914062, 86.36438751220703, 86.35738372802734, 86.56928253173828, 86.8802490234375, 87.19707489013672, 87.36568450927734, 87.50728607177734, 87.63826751708984, 87.87115478515625, 87.99913787841797, 88.37754821777344, 88.62739562988281, 88.94588470458984, 89.10003662109375, 89.30274963378906, 89.61541748046875, 89.84550476074219, 90.00511169433594, 90.32585144042969, 90.52210998535156], "val_loss": [0.010886164382100105, 0.00767604261636734, 0.007408528123050928, 0.007064152974635363, 0.006899700965732336, 0.006826982367783785, 0.006479899864643812, 0.0072113932110369205, 0.0070819975808262825, 0.006537741981446743, 0.0066466969437897205, 0.006373635958880186, 0.006577013060450554, 0.006451564375311136, 0.006321164313703775, 0.006345560308545828, 0.006682747974991798, 0.0068582468666136265, 0.006684083491563797, 0.007182967849075794, 0.006759689189493656, 0.007119234651327133, 0.007272773422300816, 0.007394341751933098, 0.007644983474165201, 0.007678264752030373], "val_acc_mean": [81.35858917236328, 84.3206787109375, 85.4080810546875, 85.35143280029297, 85.62176513671875, 85.50922393798828, 86.09544372558594, 85.36347198486328, 85.28517150878906, 86.15799713134766, 86.60352325439453, 86.60948944091797, 86.40985870361328, 86.63481140136719, 86.80546569824219, 86.93505096435547, 86.65603637695312, 86.39813995361328, 86.75518798828125, 86.28816986083984, 86.91522216796875, 86.57911682128906, 86.68515014648438, 86.63127136230469, 86.50605773925781, 86.44718933105469], "val_acc_1month": [83.6281967163086, 87.46802520751953, 88.6833267211914, 87.68113708496094, 87.3111801147461, 88.6923599243164, 88.48023223876953, 89.39842987060547, 88.5486068725586, 89.5655288696289, 89.77234649658203, 89.90229034423828, 89.52043914794922, 89.85342407226562, 90.1722183227539, 89.82662963867188, 89.81172943115234, 89.73831939697266, 90.05607604980469, 89.90497589111328, 90.16980743408203, 89.92842102050781, 90.04308319091797, 90.06719970703125, 89.74144744873047, 89.72823333740234], "val_acc_2month": [84.15438842773438, 85.35771942138672, 86.26482391357422, 85.82999420166016, 86.85060119628906, 86.86453247070312, 86.28707122802734, 87.15612030029297, 85.81936645507812, 87.26091766357422, 87.9260025024414, 87.8590316772461, 87.91548156738281, 87.91603088378906, 88.11830139160156, 87.850830078125, 88.03414916992188, 87.2147216796875, 87.7655258178711, 87.49441528320312, 87.87015533447266, 87.79064178466797, 87.72383880615234, 87.76910400390625, 87.64546966552734, 87.57443237304688], "val_acc_3month": [83.33956909179688, 84.93736267089844, 85.12564849853516, 85.52349853515625, 86.66317749023438, 85.91974639892578, 86.40392303466797, 86.1919174194336, 85.1167221069336, 86.23637390136719, 87.12212371826172, 86.97703552246094, 86.78791809082031, 87.1775131225586, 87.24227142333984, 87.18055725097656, 87.2501449584961, 86.14068603515625, 87.08003997802734, 86.69693756103516, 87.19913482666016, 86.84723663330078, 86.79862213134766, 86.85843658447266, 86.71633911132812, 86.7526626586914], "val_acc_4month": [83.19695281982422, 84.01471710205078, 85.71316528320312, 85.88348388671875, 86.47142791748047, 85.68394470214844, 86.74673461914062, 85.40025329589844, 85.65047454833984, 86.12800598144531, 86.77713012695312, 86.59323120117188, 86.38912200927734, 86.55797576904297, 86.91928100585938, 87.06808471679688, 86.90620422363281, 86.54976654052734, 86.95649719238281, 86.56982421875, 87.04840850830078, 86.60301208496094, 86.78914642333984, 86.61776733398438, 86.71751403808594, 86.526123046875], "val_acc_5month": [81.69437408447266, 84.64231872558594, 85.59503173828125, 85.94296264648438, 85.89201354980469, 85.27002716064453, 86.41011047363281, 84.7363052368164, 85.64868927001953, 85.89077758789062, 86.21533203125, 86.25123596191406, 85.59307098388672, 86.0575180053711, 86.36202239990234, 86.8749008178711, 86.2763442993164, 86.70281982421875, 86.44561767578125, 85.8993148803711, 86.58258819580078, 86.20848083496094, 86.56185913085938, 86.33078002929688, 86.09173583984375, 86.1371841430664],