{"loss": [0.013254621997475624, 0.008221104741096497, 0.007367311976850033, 0.006874920334666967, 0.006715982686728239, 0.006265677977353334, 0.006334457080811262, 0.006016233004629612, 0.0057682800106704235, 0.005661591421812773, 0.0056071775034070015, 0.005444603972136974, 0.0052601792849600315, 0.0051034544594585896, 0.005047363229095936, 0.004912720527499914, 0.004725719802081585, 0.004557098727673292, 0.004424814134836197, 0.004328105133026838, 0.0041800024919211864, 0.004064465872943401, 0.003942939918488264, 0.003834362607449293], "acc_mean": [76.60709381103516, 83.45085144042969, 84.80925750732422, 85.45337677001953, 85.77140808105469, 86.4157485961914, 86.28050994873047, 86.83475494384766, 87.23966217041016, 87.36705780029297, 87.44390869140625, 87.72183990478516, 88.00382995605469, 88.28572082519531, 88.33626556396484, 88.57901000976562, 88.89834594726562, 89.16384887695312, 89.41671752929688, 89.58965301513672, 89.85225677490234, 90.05049133300781, 90.2884750366211, 90.50550079345703], "acc_1month": [77.77574920654297, 85.84107971191406, 87.41390228271484, 88.13723754882812, 88.25391387939453, 88.75523376464844, 88.65240478515625, 89.38279724121094, 89.565673828125, 89.75515747070312, 89.65320587158203, 89.84481811523438, 90.1888427734375, 90.33040618896484, 90.28654479980469, 90.53187561035156, 90.70438385009766, 90.8823471069336, 90.99120330810547, 91.08101654052734, 91.25627899169922, 91.31024169921875, 91.46863555908203, 91.6239242553711], "acc_2month": [79.1042251586914, 85.2307357788086, 86.26473236083984, 86.64546203613281, 86.93292236328125, 87.41220092773438, 87.05487823486328, 87.87489318847656, 88.06692504882812, 88.20108032226562, 88.2354965209961, 88.50951385498047, 88.80411529541016, 88.98149108886719, 89.08450317382812, 89.21998596191406, 89.5137710571289, 89.74166870117188, 90.00760650634766, 90.07679748535156, 90.38339233398438, 90.519287109375, 90.70083618164062, 90.9249038696289], "acc_3month": [78.62609100341797, 84.05762481689453, 85.52225494384766, 85.83677673339844, 86.30167388916016, 86.81102752685547, 86.71294403076172, 87.20903015136719, 87.65767669677734, 87.7500228881836, 87.89518737792969, 88.0322494506836, 88.36687469482422, 88.67543029785156, 88.68120574951172, 89.00676727294922, 89.30286407470703, 89.57611083984375, 89.79743194580078, 89.9364242553711, 90.26757049560547, 90.4384994506836, 90.5647964477539, 90.86332702636719], "acc_4month": [78.75639343261719, 84.00056457519531, 85.39836883544922, 85.79143524169922, 86.23628234863281, 86.77915954589844, 86.6698226928711, 86.94478607177734, 87.48300170898438, 87.5851821899414, 87.74362182617188, 87.96598052978516, 88.22077178955078, 88.53791809082031, 88.67520904541016, 88.88636779785156, 89.14929962158203, 89.44532012939453, 89.79261779785156, 89.9460220336914, 90.26787567138672, 90.41605377197266, 90.74777221679688, 90.8833999633789], "acc_5month": [77.28543090820312, 83.80520629882812, 84.96980285644531, 85.6314926147461, 85.95536041259766, 86.58992004394531, 86.50511169433594, 86.73052978515625, 87.21636199951172, 87.25462341308594, 87.48978424072266, 87.82227325439453, 87.9522476196289, 88.35681915283203, 88.35762786865234, 88.62351989746094, 88.96635437011719, 89.25576782226562, 89.48173522949219, 89.73248291015625, 89.96459197998047, 90.25904846191406, 90.55497741699219, 90.78499603271484], "acc_6month": [75.9071044921875, 83.43856048583984, 84.0818099975586, 85.23040008544922, 85.25285339355469, 86.07915496826172, 86.03636169433594, 86.55095672607422, 86.99492645263672, 87.01297760009766, 87.09270477294922, 87.4898452758789, 87.58826446533203, 87.80023956298828, 87.9843978881836, 88.13288879394531, 88.5222396850586, 88.73188781738281, 89.00971221923828, 89.27818298339844, 89.37785339355469, 89.69650268554688, 89.95695495605469, 90.15528869628906], "val_loss": [0.010651457123458385, 0.007565499749034643, 0.007176526356488466, 0.008071167394518852, 0.007019129581749439, 0.007084618788212538, 0.006618340499699116, 0.007054802030324936, 0.0064703430980443954, 0.00655542965978384, 0.00728220259770751, 0.00717415614053607, 0.006183909252285957, 0.006193249486386776, 0.006315977778285742, 0.006467015948146582, 0.006886409595608711, 0.006656329147517681, 0.006806632038205862, 0.006747479550540447, 0.006890402175486088, 0.007181626744568348, 0.007937631569802761, 0.007470989134162664], "val_acc_mean": [80.14470672607422, 84.63221740722656, 85.1154556274414, 83.91122436523438, 85.26649475097656, 85.4892807006836, 86.089599609375, 85.2702407836914, 86.37696075439453, 86.28246307373047, 85.40327453613281, 85.5706558227539, 86.80884552001953, 87.00836944580078, 86.6729965209961, 86.8157958984375, 86.58143615722656, 86.47007751464844, 86.46621704101562, 86.73938751220703, 86.67462158203125, 86.73303985595703, 86.08570861816406, 86.48101806640625], "val_acc_1month": [84.42701721191406, 86.94921112060547, 87.87250518798828, 88.02458953857422, 87.21388244628906, 88.1327896118164, 89.28447723388672, 88.7392578125, 89.535888671875, 89.5799331665039, 87.01824188232422, 89.19205474853516, 89.52279663085938, 90.05558013916016, 89.49956512451172, 89.91970825195312, 89.58048248291016, 89.19737243652344, 89.83101654052734, 89.85533905029297, 89.67257690429688, 90.08576965332031, 89.7705307006836, 89.63099670410156], "val_acc_2month": [83.9488754272461, 86.01370239257812, 86.59347534179688, 83.67699432373047, 85.98578643798828, 86.36091613769531, 87.42778015136719, 86.91217041015625, 87.86079406738281, 87.69013214111328, 86.50993347167969, 86.53185272216797, 88.13724517822266, 88.01311492919922, 87.63665771484375, 87.83943176269531, 87.70191955566406, 87.39584350585938, 88.00650787353516, 87.69074249267578, 87.65301513671875, 87.93733978271484, 87.2791519165039, 87.3142318725586], "val_acc_3month": [80.30864715576172, 85.24446105957031, 85.40557861328125, 83.99362182617188, 86.45055389404297, 86.36278533935547, 86.24280548095703, 85.19445037841797, 86.52156829833984, 86.40464782714844, 86.00651550292969, 85.89163970947266, 87.15560913085938, 87.24908447265625, 87.18537902832031, 87.19148254394531, 87.0123519897461, 86.89469909667969, 86.6646728515625, 86.87329864501953, 87.11075592041016, 87.07283782958984, 85.86103057861328, 86.85356140136719], "val_acc_4month": [79.33169555664062, 84.90020751953125, 85.43926239013672, 84.4131851196289, 85.9766845703125, 85.8005599975586, 86.03289794921875, 84.66988372802734, 86.1781234741211, 85.85034942626953, 86.15403747558594, 85.29498291015625, 86.87374114990234, 87.0584716796875, 86.68733215332031, 86.61028289794922, 86.35072326660156, 86.85921478271484, 86.29110717773438, 86.62100982666016, 86.76919555664062, 86.54148864746094, 85.65371704101562, 86.44510650634766], "val_acc_5month": [80.12928009033203, 84.68894958496094, 85.57369232177734, 84.91726684570312, 85.62183380126953, 85.58683776855469, 85.84718322753906, 84.44377136230469, 86.13583374023438, 85.82009887695312, 86.00083923339844, 85.49272918701172, 86.55843353271484, 86.83074188232422, 86.62680053710938, 86.64775848388672, 86.33511352539062, 86.50061798095703, 85.89903259277344, 86.54708099365234, 86.62309265136719, 86.13679504394531, 86.00038146972656, 86.2061767578125], "val_acc_6month": [79.5575180053711, 84.47461700439453, 84.20491027832031, 84.06523132324219, 85.0196533203125, 84.98799133300781, 85.93089294433594, 85.76437377929688, 86.0318832397461, 86.06629943847656, 85.07437133789062, 86.0541000366211, 86.16438293457031, 86.19581604003906, 86.14165496826172, 86.72437286376953, 86.4543228149414, 86.17461395263672, 86.03543090820312, 86.605712890625, 86.1992416381836, 86.52500915527344, 86.50601196289062, 86.5299072265625],