{"loss": [0.013072899542748928, 0.008319399319589138, 0.007569639477878809, 0.006861480418592691, 0.006627978757023811, 0.006569770164787769, 0.00609221775084734, 0.0060019646771252155, 0.005937101785093546, 0.005830250680446625, 0.005723669193685055, 0.0055220890790224075, 0.005332003813236952, 0.005247549153864384, 0.005092902574688196, 0.005012555979192257, 0.004876566585153341, 0.00471442611888051, 0.004636484198272228, 0.00452059181407094, 0.004399742465466261, 0.004272182006388903], "acc_mean": [76.95381927490234, 83.26991271972656, 84.51522827148438, 85.46684265136719, 85.84027862548828, 85.87194061279297, 86.69780731201172, 86.78605651855469, 86.85697174072266, 87.08216094970703, 87.19570922851562, 87.54696655273438, 87.84564971923828, 87.93233489990234, 88.22259521484375, 88.3686752319336, 88.59988403320312, 88.87425994873047, 89.0228271484375, 89.2187728881836, 89.45116424560547, 89.6598129272461], "acc_1month": [78.51860809326172, 85.653076171875, 86.92254638671875, 88.19074249267578, 88.33096313476562, 88.09455108642578, 89.34455871582031, 89.33354949951172, 89.23522186279297, 89.5511474609375, 89.56658172607422, 89.82483673095703, 90.15043640136719, 90.13604736328125, 90.30081939697266, 90.47376251220703, 90.50520324707031, 90.76844787597656, 90.88689422607422, 90.97918701171875, 91.12655639648438, 91.18437194824219], "acc_2month": [79.01998138427734, 84.68991088867188, 85.63964080810547, 86.36476135253906, 86.74755859375, 86.69950103759766, 87.59162139892578, 87.71951293945312, 87.6517562866211, 87.88886260986328, 88.00962829589844, 88.35366821289062, 88.56790161132812, 88.69478607177734, 88.79998779296875, 88.9905776977539, 89.1788101196289, 89.44805145263672, 89.52323150634766, 89.72886657714844, 89.94147491455078, 90.12654113769531], "acc_3month": [79.08575439453125, 84.40742492675781, 85.30606079101562, 86.0384292602539, 86.41758728027344, 86.61177825927734, 87.20955657958984, 87.29690551757812, 87.27840423583984, 87.46298217773438, 87.61487579345703, 87.9898681640625, 88.19577026367188, 88.3902359008789, 88.65731811523438, 88.76289367675781, 89.07518005371094, 89.32221221923828, 89.49464416503906, 89.63875579833984, 89.84825897216797, 90.0914535522461], "acc_4month": [78.37369537353516, 84.01872253417969, 84.96497344970703, 85.70813751220703, 86.09339904785156, 86.19789123535156, 86.87638854980469, 86.92452239990234, 86.97173309326172, 87.23347473144531, 87.46548461914062, 87.7029037475586, 88.06614685058594, 88.11841583251953, 88.48049926757812, 88.64622497558594, 88.9881591796875, 89.18401336669922, 89.3586196899414, 89.59080505371094, 89.80276489257812, 90.0563735961914], "acc_5month": [77.88996124267578, 83.7132339477539, 85.0080337524414, 85.66497039794922, 85.982421875, 86.00794219970703, 86.63439178466797, 86.75628662109375, 86.96597290039062, 87.08213806152344, 87.1812744140625, 87.56240844726562, 87.85442352294922, 87.94210052490234, 88.28314971923828, 88.46343231201172, 88.69599151611328, 88.98280334472656, 89.1738510131836, 89.43026733398438, 89.58132934570312, 89.92179107666016], "acc_6month": [76.15203094482422, 82.83553314208984, 84.28260040283203, 85.28675842285156, 85.7295150756836, 85.9913101196289, 86.3255386352539, 86.48068237304688, 86.75897216796875, 86.81974792480469, 86.94317626953125, 87.26239013671875, 87.53099822998047, 87.64221954345703, 87.97654724121094, 88.01126098632812, 88.21237182617188, 88.48834991455078, 88.6046371459961, 88.82135009765625, 89.17253112792969, 89.3135757446289], "val_loss": [0.011813737452030182, 0.00901111587882042, 0.007186572533100843, 0.006827949546277523, 0.006870874669402838, 0.006579692475497723, 0.0066323047503829, 0.0062981462106108665, 0.006646478548645973, 0.006393953692167997, 0.006637037266045809, 0.006238659378141165, 0.007067810744047165, 0.0063063520938158035, 0.006581862922757864, 0.006590658333152533, 0.006472060456871986, 0.007375429850071669, 0.006728642154484987, 0.0066511002369225025, 0.007047849241644144, 0.00713797053322196], "val_acc_mean": [80.0869140625, 81.91777038574219, 84.99698638916016, 85.78229522705078, 85.75658416748047, 86.23289489746094, 85.67444610595703, 86.45332336425781, 86.27838897705078, 86.46033477783203, 86.40620422363281, 86.83985900878906, 85.72401428222656, 86.60855865478516, 86.38397216796875, 86.39529418945312, 86.60578155517578, 85.99722290039062, 86.44988250732422, 86.45938873291016, 86.31561279296875, 86.44227600097656], "val_acc_1month": [83.55494689941406, 87.08261108398438, 87.85442352294922, 88.26377868652344, 88.4266586303711, 88.9047622680664, 88.44812774658203, 89.3363037109375, 89.66797637939453, 89.28952026367188, 89.17896270751953, 89.94940185546875, 89.05229949951172, 89.74253845214844, 89.59768676757812, 90.04084777832031, 90.07283782958984, 90.142578125, 89.80482482910156, 90.13074493408203, 89.93072509765625, 89.93718719482422], "val_acc_2month": [82.99810028076172, 85.65338897705078, 86.35860443115234, 86.83892822265625, 86.47358703613281, 87.2414321899414, 87.0262680053711, 87.54557800292969, 87.0133285522461, 87.74300384521484, 87.1964340209961, 87.98954772949219, 87.46985626220703, 87.75489807128906, 87.44672393798828, 87.8958740234375, 87.94873809814453, 87.4178695678711, 87.65780639648438, 87.89543151855469, 87.79735565185547, 87.72433471679688], "val_acc_3month": [81.84246063232422, 83.48521423339844, 85.2084732055664, 86.35108947753906, 86.34188842773438, 86.66600036621094, 86.40608978271484, 86.8869400024414, 86.71085357666016, 86.82379150390625, 86.70320129394531, 87.13360595703125, 86.33927917480469, 86.7993392944336, 86.70530700683594, 86.9532470703125, 87.10887145996094, 86.12283325195312, 86.46257781982422, 86.52661895751953, 86.6172103881836, 86.75276947021484], "val_acc_4month": [81.64317321777344, 80.23473358154297, 85.55564880371094, 85.92544555664062, 85.91757202148438, 86.44823455810547, 85.98529052734375, 86.52137756347656, 86.27088165283203, 86.30317687988281, 86.76042175292969, 86.77103424072266, 85.9207534790039, 86.51333618164062, 86.31206512451172, 86.42817687988281, 86.32122039794922, 85.37281799316406, 86.35022735595703, 86.20265197753906, 85.99629974365234, 86.1512451171875], "val_acc_5month": [78.85234069824219, 81.2935791015625, 85.33941650390625, 85.80689239501953, 85.99516296386719, 86.11077880859375, 85.61296081542969, 86.41719055175781, 86.23712921142578, 86.34539031982422, 86.25555419921875, 86.34949493408203, 85.29890441894531, 86.59860229492188, 86.2968521118164, 85.71920013427734, 86.02347564697266, 85.60773468017578, 86.23527526855469, 85.95105743408203, 85.60295867919922, 85.96392059326172], "val_acc_6month": [79.44465637207031, 79.82373809814453, 84.33543395996094, 85.435791015625, 85.82460021972656, 86.16932678222656, 84.81427764892578, 85.8315200805664, 85.84760284423828, 86.07940673828125, 86.5339584350586, 86.32695007324219, 84.74021911621094, 85.90535736083984, 85.88910675048828, 85.03765106201172, 85.90091705322266, 85.4982681274414, 86.05123138427734, 85.70650482177734, 85.77112579345703, 85.94511413574219], "lr": ["0.0005", "0.0005", "0.0005", "0.00045241872", "0.0004093654", "0.00037040914", "0.00033516003", "0.00030326535", "0.00027440584", "0.00024829266", "0.00022466449", "0.00020328483", "0.00018393972", "0.00016643554", "0.0001505971", "0.0001362659", "0.00012329848", "0.00011156508", "0.00010094826", "9.134176e-05", "8.264944e-05", "7.478431e-05"]}