{"loss": [0.012632142752408981, 0.008095888420939445, 0.007329123560339212, 0.007006311323493719, 0.006611761637032032, 0.00632088677957654, 0.006099760998040438, 0.005955468863248825, 0.005778237245976925, 0.005704808980226517, 0.005512737203389406, 0.005391361657530069, 0.0052734436467289925, 0.005128633230924606, 0.00496015464887023, 0.004831587430089712, 0.004653844516724348, 0.0044977315701544285, 0.004394529853016138, 0.004277890082448721, 0.004119391553103924, 0.004015680402517319, 0.0039123608730733395, 0.0037791470531374216, 0.0036876508966088295, 0.0036031838972121477, 0.0035245665349066257, 0.003435360034927726, 0.003353060921654105, 0.0032894110772758722, 0.0032128707971423864, 0.00315417000092566, 0.003102075308561325, 0.0030529233627021313, 0.0030076983384788036, 0.00296196760609746, 0.002924742642790079, 0.0028817204292863607, 0.0028545414097607136, 0.0028258590027689934, 0.002795631531625986, 0.002770940773189068, 0.002749547827988863, 0.0027341681998223066, 0.002706511877477169, 0.0026917862705886364, 0.002682187594473362, 0.0026653085369616747, 0.002649432746693492, 0.0026362265925854445], "acc_mean": [77.36579132080078, 83.64692687988281, 84.84799194335938, 85.30503845214844, 85.87733459472656, 86.33796691894531, 86.65914916992188, 86.88573455810547, 87.16752624511719, 87.2970199584961, 87.59909057617188, 87.734375, 87.98450469970703, 88.2114486694336, 88.47052764892578, 88.67582702636719, 88.99188995361328, 89.2518539428711, 89.45504760742188, 89.64849090576172, 89.94548034667969, 90.12667846679688, 90.33679962158203, 90.59686279296875, 90.76839447021484, 90.92757415771484, 91.07896423339844, 91.27056884765625, 91.43621826171875, 91.56278991699219, 91.7293472290039, 91.85517120361328, 91.9694595336914, 92.08143615722656, 92.1786880493164, 92.29012298583984, 92.3741683959961, 92.46253204345703, 92.53656768798828, 92.6015853881836, 92.66651916503906, 92.72789001464844, 92.78330993652344, 92.81608581542969, 92.88063049316406, 92.9169921875, 92.94291687011719, 92.97826385498047, 93.02523040771484, 93.05481719970703], "acc_1month": [78.2154769897461, 86.12617492675781, 87.33434295654297, 87.74775695800781, 88.34733581542969, 88.57789611816406, 89.11766815185547, 89.26597595214844, 89.45588684082031, 89.64932250976562, 89.98700714111328, 90.00896453857422, 90.11415100097656, 90.3704605102539, 90.40001678466797, 90.60176849365234, 90.82960510253906, 90.95450592041016, 91.02552795410156, 91.10781860351562, 91.26236724853516, 91.3803482055664, 91.53121948242188, 91.71144104003906, 91.77299499511719, 91.8807373046875, 92.01459503173828, 92.09297180175781, 92.18888092041016, 92.24735260009766, 92.38835906982422, 92.48326873779297, 92.55261993408203, 92.60549926757812, 92.70069122314453, 92.75370025634766, 92.8539047241211, 92.89511108398438, 92.93052673339844, 93.01688385009766, 93.05049896240234, 93.10427856445312, 93.14354705810547, 93.14922332763672, 93.21660614013672, 93.25548553466797, 93.2747802734375, 93.29884338378906, 93.3305435180664, 93.34312438964844], "acc_2month": [79.66105651855469, 85.1627197265625, 86.15948486328125, 86.14338684082031, 86.9561767578125, 87.22108459472656, 87.58863067626953, 87.74311065673828, 87.89288330078125, 88.19042205810547, 88.48932647705078, 88.5523910522461, 88.64875030517578, 88.92891693115234, 89.18125915527344, 89.2220230102539, 89.60337829589844, 89.77558898925781, 89.98472595214844, 90.06988525390625, 90.4111328125, 90.5506820678711, 90.77581787109375, 90.97254943847656, 91.0865478515625, 91.27507781982422, 91.4414291381836, 91.595947265625, 91.77446746826172, 91.85830688476562, 92.02345275878906, 92.13973236083984, 92.24411010742188, 92.36424255371094, 92.4599380493164, 92.56871032714844, 92.61140441894531, 92.69258880615234, 92.77466583251953, 92.82459259033203, 92.91238403320312, 92.9870376586914, 93.01570892333984, 93.06700897216797, 93.08937072753906, 93.15049743652344, 93.16311645507812, 93.17311096191406, 93.23493194580078, 93.27971649169922], "acc_3month": [79.82040405273438, 84.62273406982422, 85.68443298339844, 85.81968688964844, 86.3533935546875, 86.86788940429688, 87.13346862792969, 87.40066528320312, 87.60987091064453, 87.7703857421875, 87.82159423828125, 88.0886459350586, 88.39508056640625, 88.57030487060547, 88.83224487304688, 89.01284790039062, 89.33926391601562, 89.64554595947266, 89.80854797363281, 89.99286651611328, 90.26768493652344, 90.4643783569336, 90.70051574707031, 90.96134185791016, 91.1324234008789, 91.28125, 91.41153717041016, 91.65303039550781, 91.78156280517578, 91.93203735351562, 92.04560852050781, 92.17369079589844, 92.33538818359375, 92.40923309326172, 92.50084686279297, 92.62747192382812, 92.6849594116211, 92.76709747314453, 92.82167053222656, 92.91116333007812, 92.95536041259766, 93.01026153564453, 93.06158447265625, 93.09672546386719, 93.14128875732422, 93.18680572509766, 93.21617126464844, 93.2409439086914, 93.29293823242188, 93.30595397949219], "acc_4month": [79.18224334716797, 83.94933319091797, 85.17350006103516, 85.6674575805664, 86.0363998413086, 86.74314880371094, 86.85459899902344, 87.05155944824219, 87.496337890625, 87.48571014404297, 87.66416931152344, 88.07406616210938, 88.21746063232422, 88.3858413696289, 88.72888946533203, 88.9753189086914, 89.2686996459961, 89.60490417480469, 89.78136444091797, 90.10420227050781, 90.3524398803711, 90.55989074707031, 90.70806884765625, 90.99798583984375, 91.19331359863281, 91.35248565673828, 91.49065399169922, 91.69609069824219, 91.85340881347656, 92.01948547363281, 92.13672637939453, 92.26140594482422, 92.38336944580078, 92.48214721679688, 92.57188415527344, 92.68914031982422, 92.76775360107422, 92.8539047241211, 92.92601013183594, 92.97569274902344, 93.01132202148438, 93.08478546142578, 93.1640853881836, 93.16075134277344, 93.23347473144531, 93.2745132446289, 93.27790069580078, 93.34009552001953, 93.36463928222656, 93.38726806640625], "acc_5month": [78.28042602539062, 83.99314880371094, 85.2149429321289, 85.64389038085938, 86.037841796875, 86.4670181274414, 86.68354034423828, 86.82389068603516, 87.24433898925781, 87.26628112792969, 87.55500030517578, 87.72445678710938, 87.9773178100586, 88.24549102783203, 88.5613784790039, 88.78499603271484, 89.10808563232422, 89.32781982421875, 89.53726196289062, 89.86161041259766, 90.1957778930664, 90.3581771850586, 90.62872314453125, 90.87985229492188, 91.09615325927734, 91.25863647460938, 91.41580200195312, 91.58519744873047, 91.83631896972656, 91.93170166015625, 92.12020874023438, 92.24641418457031, 92.36370086669922, 92.4747314453125, 92.56484985351562, 92.67440032958984, 92.74623107910156, 92.84881591796875, 92.93236541748047, 92.99071502685547, 93.05624389648438, 93.09986114501953, 93.14268493652344, 93.20181274414062, 93.2815933227539, 93.2736587524414, 93.31914520263672, 93.33587646484375, 93.40860748291016, 93.4303970336914], "acc_6month": [76.42237854003906, 83.291015625, 84.15476989746094, 85.3376693725586, 85.7243423461914, 86.06993103027344, 86.38580322265625, 86.70465087890625, 86.86764526367188, 86.92826080322266, 87.31950378417969, 87.22784423828125, 87.63609313964844, 87.80477142333984, 88.10721588134766, 88.32535552978516, 88.54625701904297, 88.80623626708984, 89.1494369506836, 89.28728485107422, 89.59322357177734, 89.78412628173828, 89.98753356933594, 90.26663208007812, 90.50481414794922, 90.68272399902344, 90.82574462890625, 91.02742004394531, 91.17719268798828, 91.34774780273438, 91.5540542602539, 91.68061828613281, 91.76573181152344, 91.94381713867188, 92.03607177734375, 92.15043640136719, 92.27565002441406, 92.37134552001953, 92.47312927246094, 92.50727081298828, 92.5950927734375, 92.65402221679688, 92.72835540771484, 92.7557601928711, 92.84465026855469, 92.87873077392578, 92.90067291259766, 92.95862579345703, 92.9993667602539, 93.04483795166016],