{"loss": [0.013783473521471024, 0.008487582206726074, 0.007849350571632385, 0.006967762019485235, 0.006619917694479227, 0.0063273608684539795, 0.006234047468751669, 0.006074529141187668, 0.005876874551177025, 0.005719147156924009, 0.005568250548094511, 0.005453277844935656, 0.005294584669172764, 0.005172697361558676, 0.005028764717280865, 0.004853878635913134, 0.004763225559145212, 0.004614777397364378, 0.004437627736479044, 0.004278695676475763, 0.004220033064484596, 0.004091733135282993, 0.003971508238464594, 0.0038434225134551525, 0.003746041329577565, 0.003663363168016076, 0.0035739101003855467, 0.0034992084838449955, 0.0034208199940621853, 0.003340252907946706, 0.00328645552508533, 0.0032249006908386946, 0.003166451118886471], "acc_mean": [76.0933609008789, 83.1014633178711, 84.10003662109375, 85.38900756835938, 85.90596008300781, 86.3792953491211, 86.42774200439453, 86.68630981445312, 87.00730895996094, 87.24990844726562, 87.4894027709961, 87.68124389648438, 87.95256805419922, 88.13009643554688, 88.38108825683594, 88.70597839355469, 88.83511352539062, 89.08418273925781, 89.41780090332031, 89.70392608642578, 89.81356811523438, 90.04251861572266, 90.26930236816406, 90.52067565917969, 90.6893081665039, 90.86798095703125, 91.02945709228516, 91.19548797607422, 91.34245300292969, 91.52517700195312, 91.61683654785156, 91.74690246582031, 91.8712387084961], "acc_1month": [77.48604583740234, 85.45523834228516, 86.46897888183594, 88.05363464355469, 88.400390625, 88.6978530883789, 89.08268737792969, 89.19385528564453, 89.37755584716797, 89.75232696533203, 89.89783477783203, 89.913818359375, 90.15771484375, 90.24347686767578, 90.45533752441406, 90.51904296875, 90.68753051757812, 90.70535278320312, 91.00615692138672, 91.1155014038086, 91.12686920166016, 91.31996154785156, 91.43697357177734, 91.65587615966797, 91.67340087890625, 91.81849670410156, 91.9183120727539, 92.0405044555664, 92.10712432861328, 92.24198150634766, 92.3028564453125, 92.35591125488281, 92.48217010498047], "acc_2month": [78.62242889404297, 84.56713104248047, 85.09750366210938, 86.435791015625, 87.0637435913086, 87.22920227050781, 87.42830657958984, 87.57579803466797, 88.01087951660156, 88.17060852050781, 88.3615951538086, 88.5824203491211, 88.78738403320312, 88.88516235351562, 89.08293914794922, 89.38093566894531, 89.44137573242188, 89.65731048583984, 89.9427719116211, 90.1998062133789, 90.25264739990234, 90.48225402832031, 90.70603942871094, 90.8692626953125, 91.06678009033203, 91.25751495361328, 91.37741088867188, 91.56529235839844, 91.66258239746094, 91.87306213378906, 91.9337387084961, 92.07127380371094, 92.18863677978516], "acc_3month": [78.29454040527344, 84.259765625, 84.8958740234375, 86.08943939208984, 86.46345520019531, 86.8529281616211, 86.94072723388672, 87.09014892578125, 87.52193450927734, 87.71749114990234, 87.93379211425781, 88.11471557617188, 88.375244140625, 88.62235260009766, 88.7989730834961, 89.09715270996094, 89.2447509765625, 89.473876953125, 89.81709289550781, 90.08657836914062, 90.22943115234375, 90.5341567993164, 90.64275360107422, 90.91394805908203, 91.1611328125, 91.28496551513672, 91.5055160522461, 91.61125946044922, 91.82707977294922, 91.95402526855469, 92.05797576904297, 92.18043518066406, 92.28462219238281], "acc_4month": [77.83602142333984, 83.74578857421875, 84.80181121826172, 85.54463958740234, 86.11018371582031, 86.61782836914062, 86.52230834960938, 86.89618682861328, 87.11224365234375, 87.52212524414062, 87.72514343261719, 87.92401885986328, 88.16065979003906, 88.3667984008789, 88.6659927368164, 89.08815002441406, 89.17659759521484, 89.48065948486328, 89.82515716552734, 90.09757232666016, 90.29878997802734, 90.50010681152344, 90.7448959350586, 90.99272155761719, 91.19342803955078, 91.34571075439453, 91.54674530029297, 91.66707611083984, 91.82286834716797, 92.01228332519531, 92.1113052368164, 92.23933410644531, 92.36045837402344], "acc_5month": [77.35968780517578, 83.55768585205078, 84.55274963378906, 85.64988708496094, 85.91545104980469, 86.58061981201172, 86.47803497314453, 86.74080657958984, 87.04905700683594, 87.13442993164062, 87.41597747802734, 87.63378143310547, 87.95897674560547, 88.17433166503906, 88.40950775146484, 88.822021484375, 88.99183654785156, 89.31761932373047, 89.5860824584961, 90.0414047241211, 90.14724731445312, 90.36589050292969, 90.58938598632812, 90.938720703125, 91.0594253540039, 91.24994659423828, 91.40239715576172, 91.62113189697266, 91.73948669433594, 91.93670654296875, 92.0315933227539, 92.17170715332031, 92.30239868164062], "acc_6month": [74.64215850830078, 82.77690887451172, 83.77468872070312, 85.04458618164062, 85.6569595336914, 86.2448959350586, 86.14125061035156, 86.44738006591797, 86.63172149658203, 86.76958465576172, 87.02806854248047, 87.25511169433594, 87.53903198242188, 87.74066925048828, 88.02020263671875, 88.33634948730469, 88.51309204101562, 88.74742889404297, 89.07600402832031, 89.35453033447266, 89.51473999023438, 89.64181518554688, 90.03955078125, 90.21428680419922, 90.4181137084961, 90.61247253417969, 90.73141479492188, 90.93080139160156, 91.12648010253906, 91.30648803710938, 91.40509033203125, 91.54967498779297, 91.660888671875], "val_loss": [0.02114451304078102, 0.007980959489941597, 0.007053134962916374, 0.0071500856429338455, 0.007074413821101189, 0.0064980993047356606, 0.007456162013113499, 0.0062220459803938866, 0.006522608920931816, 0.0068259877152740955, 0.006324354093521833, 0.006284927949309349, 0.006442801561206579, 0.006209502927958965, 0.0068542202934622765, 0.006412806920707226, 0.006320775020867586, 0.006409132853150368, 0.006654190365225077, 0.006392443552613258, 0.006500537507236004, 0.006604490336030722, 0.006564501207321882, 0.0068944464437663555, 0.006868673022836447, 0.006829144433140755, 0.0070413933135569096, 0.007186131086200476, 0.007413491141051054, 0.007454268168658018, 0.0074185156263411045, 0.007534950505942106, 0.007692815735936165], "val_acc_mean": [75.80611419677734, 84.03971862792969, 85.41118621826172, 85.3619613647461, 85.1891098022461, 86.25589752197266, 85.41498565673828, 86.61217498779297, 86.3611068725586, 85.76184844970703, 86.39283752441406, 86.56421661376953, 86.49046325683594, 86.66616821289062, 86.1562728881836, 86.54631805419922, 86.89537048339844, 86.65860748291016, 86.65194702148438, 87.01758575439453, 86.92526245117188, 86.7882080078125, 87.04192352294922, 86.78651428222656, 86.88890838623047, 86.97551727294922, 86.95429229736328, 86.98546600341797, 86.81094360351562, 86.84225463867188, 87.0048599243164, 86.94737243652344, 86.97985076904297], "val_acc_1month": [79.44601440429688, 87.49601745605469, 88.2091064453125, 88.79147338867188, 87.7313232421875, 89.34375762939453, 88.73088073730469, 89.8390121459961, 88.75093078613281, 89.78724670410156, 89.5105209350586, 88.9144058227539, 89.60661315917969, 89.64332580566406, 89.61100006103516, 89.83551025390625, 89.93570709228516, 90.08570861816406, 89.95630645751953, 90.26020050048828, 90.24168395996094, 90.26945495605469, 90.23117065429688, 89.98950958251953, 90.21577453613281, 90.29811096191406, 90.22486877441406, 90.195556640625, 90.07108306884766, 90.0751953125, 90.2873764038086, 90.23713684082031, 90.07245635986328], "val_acc_2month": [80.4930419921875, 84.33849334716797, 86.38069152832031, 87.21653747558594, 86.10836791992188, 87.27810668945312, 86.86717987060547, 87.664306640625, 87.40597534179688, 87.02489471435547, 87.91999053955078, 87.6517562866211, 87.87136840820312, 87.87434387207031, 87.40657806396484, 87.75230407714844, 87.92236328125, 88.1976547241211, 88.034423828125, 88.42052459716797, 88.18305969238281, 88.21610260009766, 88.2950210571289, 87.97748565673828, 88.36540222167969, 88.41903686523438, 88.2278823852539, 88.38423156738281, 88.06818389892578, 87.98078918457031, 88.24352264404297, 88.21527862548828, 88.20244598388672],