{"loss": [0.013032813556492329, 0.008506487123668194, 0.007543198298662901, 0.006930433679372072, 0.006677696947008371, 0.006314491853117943, 0.0062364316545426846, 0.00610332889482379, 0.005959798116236925, 0.005695673171430826, 0.0056419773027300835, 0.005448244046419859, 0.005369069520384073, 0.0051833163015544415, 0.0050790878012776375, 0.0049094269052147865, 0.0047968532890081406, 0.004690102767199278, 0.004493670538067818, 0.004377790726721287, 0.004240916110575199, 0.004090813919901848, 0.0039765313267707825, 0.003855460789054632, 0.0037565811071544886, 0.0036499102134257555, 0.0035510160960257053, 0.003483779029920697, 0.0033866867888718843, 0.003306638915091753], "acc_mean": [77.01526641845703, 83.03661346435547, 84.64846801757812, 85.53079986572266, 85.87689971923828, 86.41534423828125, 86.49583435058594, 86.67031860351562, 86.87947845458984, 87.30873107910156, 87.39485168457031, 87.69377136230469, 87.7833251953125, 88.10199737548828, 88.30404663085938, 88.5827407836914, 88.77064514160156, 88.91529083251953, 89.26963806152344, 89.47477722167969, 89.7166519165039, 89.99496459960938, 90.21672058105469, 90.43225860595703, 90.64523315429688, 90.84607696533203, 91.04216766357422, 91.19383239746094, 91.39656066894531, 91.55123901367188], "acc_1month": [78.27539825439453, 85.73928833007812, 86.8279037475586, 87.96755981445312, 88.24391174316406, 88.75821685791016, 88.83782958984375, 89.13243103027344, 89.26261901855469, 89.6746597290039, 89.60716247558594, 89.93329620361328, 89.95492553710938, 90.1079330444336, 90.35189056396484, 90.44461822509766, 90.61036682128906, 90.62520599365234, 90.9246597290039, 90.94049072265625, 91.09141540527344, 91.22272491455078, 91.36497497558594, 91.50077819824219, 91.61793518066406, 91.74419403076172, 91.83438110351562, 91.96405029296875, 92.12039947509766, 92.17503356933594], "acc_2month": [79.44731140136719, 85.10147857666016, 85.72909545898438, 86.68317413330078, 86.68452453613281, 87.36637115478516, 87.35151672363281, 87.51908111572266, 87.81574249267578, 88.11608123779297, 88.10807800292969, 88.40316772460938, 88.57502746582031, 88.68551635742188, 88.99420166015625, 89.23042297363281, 89.39110565185547, 89.53556060791016, 89.80500793457031, 90.01929473876953, 90.18833923339844, 90.43724060058594, 90.60873413085938, 90.88188171386719, 91.017822265625, 91.25225067138672, 91.4112319946289, 91.55288696289062, 91.7138671875, 91.89247131347656], "acc_3month": [78.48111724853516, 83.87109375, 85.31986236572266, 86.16158294677734, 86.29846954345703, 86.92982482910156, 87.0582504272461, 87.16392517089844, 87.25508880615234, 87.7030258178711, 87.83317565917969, 88.04793548583984, 88.10836029052734, 88.45542907714844, 88.65583801269531, 88.98018646240234, 89.15521240234375, 89.2926025390625, 89.64446258544922, 89.90499877929688, 90.05943298339844, 90.40113830566406, 90.59983825683594, 90.7960205078125, 90.99825286865234, 91.21347045898438, 91.40983581542969, 91.5439453125, 91.74979400634766, 91.91899871826172], "acc_4month": [78.37894439697266, 83.53092956542969, 85.04776000976562, 85.79621887207031, 86.26896667480469, 86.65665435791016, 86.62916564941406, 86.87914276123047, 87.00997924804688, 87.46192932128906, 87.76077270507812, 87.96183776855469, 88.01563262939453, 88.38297271728516, 88.55339813232422, 88.91570281982422, 89.05196380615234, 89.18328094482422, 89.6489486694336, 89.86991882324219, 90.15873718261719, 90.4110107421875, 90.63273620605469, 90.82594299316406, 91.0488052368164, 91.2354736328125, 91.44873046875, 91.6375732421875, 91.76941680908203, 91.95751190185547], "acc_5month": [78.81739807128906, 83.388671875, 85.16075897216797, 85.77091979980469, 86.12751007080078, 86.53254699707031, 86.68254852294922, 86.7486801147461, 86.97036743164062, 87.39942169189453, 87.4859848022461, 87.8036880493164, 87.9591293334961, 88.2785415649414, 88.357421875, 88.70500946044922, 88.81420135498047, 89.15210723876953, 89.49478149414062, 89.6860580444336, 89.9791259765625, 90.25343322753906, 90.5608901977539, 90.78155517578125, 91.02713775634766, 91.23800659179688, 91.40985870361328, 91.59198760986328, 91.8343734741211, 91.96849822998047], "acc_6month": [76.06205749511719, 82.15605163574219, 84.56195068359375, 85.21424865722656, 85.84484100341797, 86.09762573242188, 86.28418731689453, 86.41851806640625, 86.65634155273438, 87.00238037109375, 87.02361297607422, 87.3742904663086, 87.49126434326172, 87.83914184570312, 87.9952392578125, 88.21575927734375, 88.416259765625, 88.56383514404297, 88.82890319824219, 89.04537963867188, 89.40483856201172, 89.67922973632812, 89.92964935302734, 90.15150451660156, 90.4063720703125, 90.58321380615234, 90.87421417236328, 90.97937774658203, 91.19859313964844, 91.35222625732422], "val_loss": [0.009830464608967304, 0.00888572633266449, 0.00848022848367691, 0.007421163842082024, 0.006820049602538347, 0.006951713003218174, 0.007008105516433716, 0.0066407048143446445, 0.006516871973872185, 0.006436807103455067, 0.006888226140290499, 0.006557687185704708, 0.006704419851303101, 0.006873101461678743, 0.007326437160372734, 0.006423995830118656, 0.007625823374837637, 0.006806666497141123, 0.006848054006695747, 0.006824258249253035, 0.007320339325815439, 0.007238468620926142, 0.008189674466848373, 0.007559718564152718, 0.007484422065317631, 0.007492193952202797, 0.007803339045494795, 0.008296385407447815, 0.007973620668053627, 0.008130178786814213], "val_acc_mean": [81.66533660888672, 83.66918182373047, 84.00260925292969, 85.13587951660156, 85.58525085449219, 85.52899932861328, 85.6420669555664, 85.9014663696289, 86.20182037353516, 86.28301239013672, 85.87798309326172, 86.33009338378906, 86.12104034423828, 86.38105773925781, 85.74490356445312, 86.51508331298828, 85.74269104003906, 86.67878723144531, 86.65571594238281, 86.69837188720703, 86.29969787597656, 86.57891845703125, 85.98469543457031, 86.51397705078125, 86.40766143798828, 86.68582153320312, 86.52072143554688, 86.13748168945312, 86.55754852294922, 86.51729583740234], "val_acc_1month": [84.8159408569336, 87.29358673095703, 87.12628173828125, 88.09246063232422, 88.17157745361328, 88.20165252685547, 89.25692749023438, 88.87435913085938, 89.48104858398438, 89.42276000976562, 89.26420593261719, 89.83265686035156, 88.53638458251953, 89.51868438720703, 88.47683715820312, 89.87112426757812, 89.81698608398438, 89.73059844970703, 90.03711700439453, 89.93850708007812, 89.90081024169922, 89.95751190185547, 89.65575408935547, 90.03015899658203, 89.87911987304688, 89.95072174072266, 89.9654541015625, 90.00945281982422, 90.1347427368164, 90.06987762451172], "val_acc_2month": [85.02570343017578, 85.56153106689453, 85.73835754394531, 86.67250061035156, 86.94157409667969, 86.9403076171875, 87.05397033691406, 86.68610382080078, 87.60086822509766, 87.61502075195312, 87.30266571044922, 87.95358276367188, 87.07478332519531, 87.8541259765625, 86.74574279785156, 87.68225860595703, 87.45867919921875, 87.84972381591797, 88.1709976196289, 87.96382904052734, 87.7474594116211, 87.88089752197266, 87.31246948242188, 87.77923583984375, 87.77367401123047, 87.92352294921875, 87.75236511230469, 87.6436538696289, 87.81761932373047, 87.89978790283203], "val_acc_3month": [83.75638580322266, 84.78034973144531, 84.96109008789062, 86.12815856933594, 85.93931579589844, 86.31959533691406, 86.02813720703125, 85.96875762939453, 86.518798828125, 86.79451751708984, 86.64726257324219, 86.70952606201172, 86.85267639160156, 86.74888610839844, 86.15304565429688, 86.97631072998047, 86.13386535644531, 87.06917572021484, 86.7880859375, 87.13671112060547, 86.8826675415039, 86.87723541259766, 86.20610809326172, 86.7318115234375, 86.86392974853516, 87.19857788085938, 86.69793701171875, 86.49490356445312, 86.85301208496094, 86.88189697265625],