{"loss": [0.013825480826199055, 0.008428798988461494, 0.00738832913339138, 0.007244714070111513, 0.006777486298233271, 0.006419877987354994, 0.006192802917212248, 0.006030905060470104, 0.005896877031773329, 0.005776659119874239, 0.005659009329974651, 0.005423598922789097, 0.005370206665247679, 0.005152676720172167, 0.00508426409214735, 0.0049878372810781, 0.004794675391167402, 0.004640374332666397, 0.004509516526013613, 0.004376624710857868, 0.004233350045979023, 0.004111670423299074, 0.003986762836575508, 0.0038599008694291115, 0.0037515179719775915, 0.00364702008664608, 0.003558245487511158, 0.003472918877378106], "acc_mean": [75.76696014404297, 83.03022003173828, 84.7806167602539, 84.90662384033203, 85.62580108642578, 86.19587707519531, 86.54191589355469, 86.76094055175781, 86.97211456298828, 87.10257720947266, 87.3095932006836, 87.71123504638672, 87.76148223876953, 88.14761352539062, 88.25175476074219, 88.42279052734375, 88.74608612060547, 88.99681091308594, 89.26261138916016, 89.4784164428711, 89.74612426757812, 89.95516967773438, 90.19049072265625, 90.43785858154297, 90.6421890258789, 90.85899353027344, 91.03099060058594, 91.21698760986328], "acc_1month": [77.52129364013672, 85.59258270263672, 87.33419036865234, 87.371337890625, 87.99485778808594, 88.64891052246094, 89.12718963623047, 89.21507263183594, 89.4371337890625, 89.4936294555664, 89.68209838867188, 90.00228118896484, 89.99560546875, 90.31375885009766, 90.31440734863281, 90.529541015625, 90.65990447998047, 90.77269744873047, 90.89425659179688, 90.9896469116211, 91.1910400390625, 91.25506591796875, 91.37749481201172, 91.55756378173828, 91.70724487304688, 91.78419494628906, 91.88397979736328, 92.02693939208984], "acc_2month": [77.71940612792969, 84.70162963867188, 85.76348114013672, 86.09333801269531, 86.54302215576172, 87.16747283935547, 87.52965545654297, 87.4914779663086, 87.795654296875, 87.90088653564453, 88.10901641845703, 88.54813385009766, 88.5289535522461, 88.84452819824219, 88.98345184326172, 89.19087219238281, 89.45130157470703, 89.57301330566406, 89.8456039428711, 90.0063705444336, 90.25313568115234, 90.4147720336914, 90.63886260986328, 90.82418823242188, 91.03764343261719, 91.24800872802734, 91.39093017578125, 91.58307647705078], "acc_3month": [77.71248626708984, 84.07263946533203, 85.59632873535156, 85.61393737792969, 86.16914367675781, 86.67240142822266, 86.97248840332031, 87.19720458984375, 87.43383026123047, 87.58190155029297, 87.70768737792969, 88.1893081665039, 88.16748046875, 88.58379364013672, 88.68067932128906, 88.85308837890625, 89.19564819335938, 89.38538360595703, 89.62642669677734, 89.8891830444336, 90.13426208496094, 90.33766174316406, 90.64081573486328, 90.80162048339844, 91.02681732177734, 91.23957061767578, 91.41615295410156, 91.59383392333984], "acc_4month": [77.55464172363281, 83.56803894042969, 85.12481689453125, 85.31143188476562, 85.9760513305664, 86.40619659423828, 86.58688354492188, 87.0425033569336, 87.15638732910156, 87.2644271850586, 87.41902923583984, 87.88287353515625, 87.8864517211914, 88.38507080078125, 88.50973510742188, 88.68926239013672, 88.94775390625, 89.3532485961914, 89.58477020263672, 89.85357666015625, 90.07701873779297, 90.34445190429688, 90.58171844482422, 90.82027435302734, 91.04304504394531, 91.27843475341797, 91.43392944335938, 91.62044525146484], "acc_5month": [77.28032684326172, 83.5914077758789, 85.27509307861328, 85.23193359375, 86.0062026977539, 86.33427429199219, 86.59481048583984, 86.90299224853516, 87.00566864013672, 87.17971801757812, 87.3543701171875, 87.66465759277344, 87.83959197998047, 88.20121765136719, 88.27600860595703, 88.43351745605469, 88.78265380859375, 89.07659149169922, 89.44242858886719, 89.70504760742188, 90.00569915771484, 90.18551635742188, 90.4140853881836, 90.76408386230469, 90.94266510009766, 91.15593719482422, 91.39305877685547, 91.5454330444336], "acc_6month": [74.62825012207031, 82.47464752197266, 84.51051330566406, 84.57292938232422, 85.4513931274414, 86.0062255859375, 86.37593078613281, 86.48133850097656, 86.71529388427734, 86.8876724243164, 87.12947845458984, 87.26751708984375, 87.51933288574219, 87.71710205078125, 87.86480712890625, 87.95587921142578, 88.3544921875, 88.64656829833984, 88.91657257080078, 89.13343048095703, 89.37711334228516, 89.64085388183594, 89.87561798095703, 90.12979888916016, 90.29067993164062, 90.58382415771484, 90.73088073730469, 90.93069458007812], "val_loss": [0.011182461865246296, 0.009019340388476849, 0.009876225143671036, 0.010220207273960114, 0.006654689554125071, 0.006491472944617271, 0.006636515259742737, 0.007163451053202152, 0.006363586522638798, 0.006461724638938904, 0.006199591793119907, 0.006742524448782206, 0.006484514568001032, 0.006542747374624014, 0.006587017793208361, 0.006463133729994297, 0.006447887979447842, 0.0065358225256204605, 0.006609856151044369, 0.006544316653162241, 0.006757812108844519, 0.00663628289476037, 0.006907955277711153, 0.00695768790319562, 0.007609891705214977, 0.007334435358643532, 0.007315102964639664, 0.007529563270509243], "val_acc_mean": [80.60935974121094, 82.20882415771484, 82.88096618652344, 83.22826385498047, 86.05075073242188, 86.17768859863281, 86.09268188476562, 85.2466812133789, 86.34387969970703, 86.24092102050781, 86.71636199951172, 85.9898681640625, 86.27922821044922, 86.32388305664062, 86.55178833007812, 86.6480484008789, 86.70698547363281, 86.83170318603516, 86.63359069824219, 86.71044921875, 86.65241241455078, 86.71958923339844, 86.54911041259766, 86.82427978515625, 86.17269897460938, 86.57942199707031, 86.6877212524414, 86.770751953125], "val_acc_1month": [83.0655517578125, 84.7764892578125, 86.86007690429688, 85.58511352539062, 88.88224792480469, 89.1416015625, 89.21358489990234, 87.06946563720703, 89.58053588867188, 88.34989929199219, 89.92650604248047, 88.71038818359375, 89.55342102050781, 89.19474029541016, 89.78346252441406, 90.0040283203125, 90.02796936035156, 90.00413513183594, 89.93045043945312, 90.19429779052734, 89.85665130615234, 90.18240356445312, 89.92584991455078, 90.17194366455078, 89.4303207397461, 90.05847930908203, 90.22234344482422, 90.11310577392578], "val_acc_2month": [82.8690185546875, 83.82948303222656, 84.8798828125, 85.29609680175781, 87.37871551513672, 87.42166900634766, 87.34595489501953, 86.79283142089844, 87.1778793334961, 87.74459838867188, 88.07694244384766, 86.41053771972656, 87.47938537597656, 87.82676696777344, 88.11367797851562, 88.03756713867188, 87.68022155761719, 88.06240844726562, 88.01201629638672, 87.87836456298828, 87.87753295898438, 87.86740112304688, 87.55130004882812, 88.07986450195312, 87.20965576171875, 87.82218933105469, 87.898681640625, 87.90303802490234], "val_acc_3month": [82.18126678466797, 84.15046691894531, 84.0837173461914, 84.97911071777344, 86.55073547363281, 86.55056762695312, 86.46147155761719, 85.82732391357422, 86.49568176269531, 86.71395874023438, 87.05132293701172, 86.62458801269531, 86.17572021484375, 86.85478210449219, 87.10289001464844, 86.82939147949219, 86.80843353271484, 87.08409118652344, 87.11137390136719, 86.869140625, 86.92636108398438, 86.84297180175781, 86.72266387939453, 87.01695251464844, 86.43785858154297, 86.67037963867188, 87.02482604980469, 87.12051391601562], "val_acc_4month": [82.33370971679688, 82.76608276367188, 83.90877532958984, 83.69766998291016, 86.1073226928711, 86.25199127197266, 86.08782196044922, 85.58007049560547, 85.94416046142578, 86.19656372070312, 85.99898529052734, 86.28954315185547, 85.95623016357422, 86.14683532714844, 86.57150268554688, 86.195556640625, 86.40403747558594, 86.6712417602539, 86.32921600341797, 86.57535552978516, 86.51193237304688, 86.61911010742188, 86.4805908203125, 86.63676452636719, 86.04345703125, 86.3531265258789, 86.4074478149414, 86.67884063720703],