{"loss": [0.013586274348199368, 0.008219818584620953, 0.007549025118350983, 0.006922661792486906, 0.006677242927253246, 0.0064484295435249805, 0.006104884669184685, 0.006000441033393145, 0.005862961523234844, 0.005674585234373808, 0.005584803409874439, 0.005408749915659428, 0.005249554757028818, 0.005151925142854452, 0.005036125425249338, 0.004870487377047539, 0.004759231116622686, 0.004623106215149164, 0.004517222288995981, 0.004373676143586636, 0.004250260069966316, 0.004123433493077755, 0.0040117003954946995, 0.003902956610545516, 0.003808425972238183, 0.0037261047400534153, 0.003624371951445937, 0.0035396539606153965, 0.003469801740720868, 0.0033969434443861246, 0.003321876982226968, 0.0032677440904080868, 0.0032049529254436493, 0.0031492565758526325, 0.0030988764483481646], "acc_mean": [76.32721710205078, 83.49073791503906, 84.61038208007812, 85.4812240600586, 85.81584930419922, 86.15975952148438, 86.70421600341797, 86.84476470947266, 87.03425598144531, 87.29663848876953, 87.44646453857422, 87.7476577758789, 88.00025177001953, 88.13434600830078, 88.31804656982422, 88.6129379272461, 88.80509948730469, 89.02278900146484, 89.22754669189453, 89.47283935546875, 89.70024108886719, 89.94444274902344, 90.14461517333984, 90.35337829589844, 90.52593231201172, 90.6854476928711, 90.89422607421875, 91.08154296875, 91.20862579345703, 91.37454223632812, 91.5193099975586, 91.6263427734375, 91.75860595703125, 91.89225769042969, 91.99761962890625], "acc_1month": [77.0665512084961, 86.285400390625, 86.87359619140625, 88.03262329101562, 88.50128936767578, 88.56143188476562, 89.1673355102539, 89.29833984375, 89.48247528076172, 89.73567199707031, 89.83489990234375, 90.03294372558594, 90.15525817871094, 90.20777130126953, 90.359619140625, 90.5760726928711, 90.68429565429688, 90.76719665527344, 90.88509368896484, 91.00611114501953, 91.1265640258789, 91.31863403320312, 91.40724182128906, 91.50341796875, 91.57743835449219, 91.65238952636719, 91.84846496582031, 91.9413070678711, 92.03880310058594, 92.12237548828125, 92.22032165527344, 92.30992126464844, 92.38773345947266, 92.4945297241211, 92.55611419677734], "acc_2month": [78.83475494384766, 85.2182388305664, 85.52340698242188, 86.47634887695312, 87.11563110351562, 86.96012878417969, 87.53115844726562, 87.78536987304688, 88.01185607910156, 88.11552429199219, 88.24713134765625, 88.53810119628906, 88.74750518798828, 88.9192886352539, 89.00588989257812, 89.34000396728516, 89.48753356933594, 89.59160614013672, 89.80435180664062, 90.00698852539062, 90.19087219238281, 90.4513168334961, 90.56229400634766, 90.80792236328125, 90.94046020507812, 91.12338256835938, 91.28172302246094, 91.51722717285156, 91.55329132080078, 91.75291442871094, 91.84165954589844, 91.94408416748047, 92.10506439208984, 92.22743225097656, 92.30660247802734], "acc_3month": [78.78912353515625, 84.49738311767578, 85.32747650146484, 86.11087036132812, 86.41426849365234, 86.57811737060547, 87.19242858886719, 87.37800598144531, 87.62330627441406, 87.67072296142578, 87.84871673583984, 88.14679718017578, 88.35443878173828, 88.5445556640625, 88.69447326660156, 89.02214813232422, 89.28044128417969, 89.40945434570312, 89.6141128540039, 89.88345336914062, 90.09070587158203, 90.34654235839844, 90.56877136230469, 90.77655792236328, 90.96073150634766, 91.08621215820312, 91.26992797851562, 91.4705581665039, 91.62612915039062, 91.7481918334961, 91.89088439941406, 91.98094940185547, 92.15371704101562, 92.23721313476562, 92.3526382446289], "acc_4month": [78.23648071289062, 84.14283752441406, 85.28724670410156, 85.73409271240234, 86.18269348144531, 86.44508361816406, 86.92076110839844, 87.06327819824219, 87.24490356445312, 87.49264526367188, 87.58592224121094, 87.94876098632812, 88.14726257324219, 88.33586883544922, 88.57404327392578, 88.90399169921875, 89.11872863769531, 89.32727813720703, 89.5361328125, 89.7955093383789, 90.0537109375, 90.27357482910156, 90.53577423095703, 90.76019287109375, 90.95130920410156, 91.09390258789062, 91.33128356933594, 91.46038055419922, 91.63916015625, 91.77787017822266, 91.95549774169922, 92.06079864501953, 92.14786529541016, 92.29325866699219, 92.40196228027344], "acc_5month": [77.24746704101562, 83.6888198852539, 84.99205017089844, 85.65296173095703, 85.7362060546875, 86.40374755859375, 86.77908325195312, 86.86917114257812, 86.854736328125, 87.3730697631836, 87.43143463134766, 87.75730895996094, 88.04096984863281, 88.14750671386719, 88.3405990600586, 88.66847229003906, 88.816162109375, 89.16771697998047, 89.38770294189453, 89.64986419677734, 89.86165618896484, 90.16354370117188, 90.40412139892578, 90.60523223876953, 90.81767272949219, 91.04031372070312, 91.22217559814453, 91.41712951660156, 91.5436019897461, 91.71292877197266, 91.90457916259766, 92.01229095458984, 92.13617706298828, 92.2542953491211, 92.34567260742188], "acc_6month": [75.49129486083984, 82.711669921875, 84.48912048339844, 85.30510711669922, 85.255615234375, 86.1019515991211, 86.45845794677734, 86.43045806884766, 86.60189056396484, 86.9254379272461, 87.14215850830078, 87.3156509399414, 87.63755798339844, 87.7240982055664, 88.00470733642578, 88.10088348388672, 88.32974243164062, 88.6527099609375, 88.8400650024414, 89.12821197509766, 89.39168548583984, 89.54960632324219, 89.75952911376953, 89.97779083251953, 90.18999481201172, 90.39049530029297, 90.57362365722656, 90.81085968017578, 90.94256591796875, 91.15093231201172, 91.26824188232422, 91.40926361083984, 91.5302963256836, 91.70503997802734, 91.82135009765625], "val_loss": [0.011951522901654243, 0.008539927192032337, 0.0074181584641337395, 0.0066374787129461765, 0.00709969736635685, 0.006629813928157091, 0.006928560324013233, 0.006626092828810215, 0.006573724094778299, 0.006400051526725292, 0.006563758943229914, 0.006397175136953592, 0.006756672170013189, 0.00664067966863513, 0.006644425913691521, 0.007156379986554384, 0.006853905506432056, 0.006799802649766207, 0.007002593483775854, 0.007106943987309933, 0.0071686143055558205, 0.007234286051243544, 0.0071703121066093445, 0.007537363097071648, 0.007211168296635151, 0.007500934414565563, 0.007467223331332207, 0.007603734266012907, 0.0077832783572375774, 0.008073984645307064, 0.008071188814938068, 0.007940854877233505, 0.008669596165418625, 0.008350382559001446, 0.008190830238163471], "val_acc_mean": [79.37140655517578, 83.43038177490234, 84.56904602050781, 85.90091705322266, 85.3131332397461, 86.0106201171875, 85.56041717529297, 85.9487075805664, 85.96273040771484, 86.26075744628906, 85.94203186035156, 86.30863189697266, 85.98904418945312, 85.90982818603516, 86.33642578125, 86.06739807128906, 86.1387939453125, 86.51106262207031, 86.22685241699219, 86.37329864501953, 86.35375213623047, 86.14117431640625, 86.52702331542969, 86.17642211914062, 86.62489318847656, 86.48707580566406, 86.53069305419922, 86.45752716064453, 86.58248138427734, 86.54069519042969, 86.55630493164062, 86.59452819824219, 86.10769653320312, 86.45584869384766, 86.58839416503906], "val_acc_1month": [81.31265258789062, 85.98543548583984, 88.41734313964844, 88.80401611328125, 88.32640075683594, 88.60618591308594, 87.45865631103516, 89.10889434814453, 88.95428466796875, 89.28634643554688, 89.56453704833984, 89.72221374511719, 89.70594787597656, 89.34123229980469, 89.04408264160156, 89.81310272216797, 89.09398651123047, 89.43645477294922, 89.3165283203125, 89.8073501586914, 89.45130157470703, 89.41820526123047, 90.02473449707031, 89.18071746826172, 89.93412017822266, 89.84257507324219, 89.72150421142578, 89.68101501464844, 89.85950469970703, 89.80329895019531, 89.9417953491211, 89.93630981445312, 89.27915954589844, 89.73272705078125, 89.95548248291016],