{"loss": [0.013531060889363289, 0.008390258066356182, 0.007575185503810644, 0.007034587673842907, 0.00679311016574502, 0.006512285675853491, 0.006231712177395821, 0.006163609679788351, 0.005939612165093422, 0.005753911565989256, 0.005623935256153345, 0.005559184588491917, 0.005371876526623964, 0.0052788457833230495, 0.005171043798327446, 0.005080631468445063, 0.00487012043595314, 0.004741038661450148, 0.004631160292774439, 0.004477525129914284, 0.004380269907414913, 0.0042427643202245235, 0.004105525556951761, 0.003980428446084261, 0.0038925567641854286, 0.0037829128559678793, 0.0036948365159332752, 0.0035901025403290987, 0.0035138395614922047], "acc_mean": [76.05919647216797, 83.28929901123047, 84.54381561279297, 85.30589294433594, 85.651123046875, 86.06338500976562, 86.49639129638672, 86.54808807373047, 86.9114761352539, 87.20867156982422, 87.39856719970703, 87.47756958007812, 87.77882385253906, 87.89857482910156, 88.10073852539062, 88.25148010253906, 88.61862182617188, 88.80366516113281, 88.98334503173828, 89.26465606689453, 89.43112182617188, 89.68179321289062, 89.95116424560547, 90.18741607666016, 90.34288787841797, 90.549072265625, 90.7311782836914, 90.9478759765625, 91.0969467163086], "acc_1month": [77.14793395996094, 85.62069702148438, 87.15278625488281, 87.78192138671875, 88.26302337646484, 88.52515411376953, 88.94083404541016, 89.1522216796875, 89.31385803222656, 89.61529541015625, 89.76915740966797, 89.80976867675781, 90.0424575805664, 90.09103393554688, 90.18285369873047, 90.31804656982422, 90.557861328125, 90.65412139892578, 90.78836822509766, 90.84992980957031, 90.96162414550781, 91.0710220336914, 91.22026824951172, 91.3589859008789, 91.4334945678711, 91.57315826416016, 91.64801025390625, 91.7791748046875, 91.84707641601562], "acc_2month": [78.40187072753906, 84.89744567871094, 85.97293853759766, 86.60237884521484, 86.64608764648438, 86.91481018066406, 87.42350006103516, 87.51246643066406, 87.81658935546875, 88.03750610351562, 88.26656341552734, 88.27281951904297, 88.56932830810547, 88.55162048339844, 88.84761810302734, 88.8368148803711, 89.2774887084961, 89.34146118164062, 89.4818344116211, 89.7783432006836, 89.9271240234375, 90.10883331298828, 90.3467788696289, 90.55888366699219, 90.7206039428711, 90.93655395507812, 91.09619903564453, 91.25081634521484, 91.3686294555664], "acc_3month": [77.80410766601562, 84.27449798583984, 85.09734344482422, 85.76335144042969, 86.09191131591797, 86.5457534790039, 87.01920318603516, 86.9892807006836, 87.29084777832031, 87.5407485961914, 87.72602844238281, 87.77610778808594, 88.11674499511719, 88.19483947753906, 88.52332305908203, 88.61469268798828, 88.90504455566406, 89.10919189453125, 89.31678771972656, 89.59625244140625, 89.7809829711914, 90.03672790527344, 90.30477142333984, 90.59349060058594, 90.71177673339844, 90.92572784423828, 91.09645080566406, 91.33765411376953, 91.48574829101562], "acc_4month": [77.61367797851562, 84.06195068359375, 84.79822540283203, 85.6802749633789, 85.97637176513672, 86.40255737304688, 86.79254913330078, 86.76619720458984, 87.10189056396484, 87.42842102050781, 87.5116958618164, 87.58140563964844, 87.96565246582031, 88.11974334716797, 88.3263168334961, 88.48624420166016, 88.85755157470703, 89.0414047241211, 89.27542877197266, 89.59649658203125, 89.68623352050781, 90.02246856689453, 90.3056411743164, 90.58426666259766, 90.72252655029297, 90.97179412841797, 91.15765380859375, 91.35502624511719, 91.5215072631836], "acc_5month": [77.94010925292969, 83.71258544921875, 84.98733520507812, 85.57677459716797, 85.8609848022461, 86.25064086914062, 86.55276489257812, 86.5847396850586, 86.84097290039062, 87.22429656982422, 87.37554931640625, 87.40107727050781, 87.74291229248047, 87.91120910644531, 88.0538558959961, 88.26725006103516, 88.69535064697266, 88.82615661621094, 89.05010986328125, 89.37738800048828, 89.57717895507812, 89.88297271728516, 90.19029235839844, 90.42472839355469, 90.61125183105469, 90.80181121826172, 91.04661560058594, 91.28433227539062, 91.45252990722656], "acc_6month": [75.13311004638672, 82.7412338256836, 84.07963562011719, 84.92133331298828, 85.4239730834961, 85.78731536865234, 86.13106536865234, 86.13661193847656, 86.68737030029297, 86.83644104003906, 87.10993957519531, 87.29936218261719, 87.37284088134766, 87.5654067993164, 87.61456298828125, 87.88772583007812, 88.14656066894531, 88.43535614013672, 88.5686264038086, 88.87737274169922, 89.05416107177734, 89.3039779663086, 89.59930419921875, 89.78179168701172, 90.03163146972656, 90.21577453613281, 90.39930725097656, 90.68882751464844, 90.87175750732422], "val_loss": [0.055602021515369415, 0.008318067528307438, 0.00734835397452116, 0.008618681691586971, 0.00690839160233736, 0.006850654724985361, 0.006790437735617161, 0.006788669619709253, 0.006819635163992643, 0.00647919112816453, 0.0066834199242293835, 0.006485432852059603, 0.006569518707692623, 0.0066142906434834, 0.006711157970130444, 0.006413823924958706, 0.006828293204307556, 0.007181857712566853, 0.006359583232551813, 0.006875060964375734, 0.006928989198058844, 0.007166041526943445, 0.006925612688064575, 0.007220072206109762, 0.007688684388995171, 0.007333661895245314, 0.007676771841943264, 0.007769337855279446, 0.008214874193072319], "val_acc_mean": [67.48136901855469, 84.1548080444336, 84.7142333984375, 83.03038787841797, 85.60930633544922, 85.44192504882812, 85.83558654785156, 85.84555053710938, 85.74686431884766, 86.2165756225586, 86.06820678710938, 86.27013397216797, 86.2542724609375, 86.40950775146484, 86.09920501708984, 86.58757781982422, 86.22278594970703, 85.90631866455078, 86.82149505615234, 86.2840576171875, 86.48372650146484, 86.30560302734375, 86.74308776855469, 86.53996276855469, 86.20321655273438, 86.64004516601562, 86.44329071044922, 86.33245086669922, 86.29287719726562], "val_acc_1month": [69.95674896240234, 86.99966430664062, 88.11000061035156, 85.8409652709961, 89.18213653564453, 88.81140899658203, 88.52800750732422, 88.89446258544922, 89.60607147216797, 89.52843475341797, 89.1227035522461, 89.36150360107422, 89.90695190429688, 89.3609619140625, 89.1434097290039, 89.5713882446289, 89.59117126464844, 89.66962432861328, 89.75316619873047, 89.78850555419922, 89.50898742675781, 89.6366958618164, 90.1978530883789, 90.15227508544922, 89.82707214355469, 90.05968475341797, 89.87073516845703, 89.95570373535156, 89.98101806640625], "val_acc_2month": [72.35397338867188, 86.06448364257812, 86.6326904296875, 83.71328735351562, 87.3484878540039, 86.51390075683594, 86.95721435546875, 86.98265838623047, 87.0589828491211, 87.254150390625, 87.11851501464844, 87.59183502197266, 87.73600769042969, 87.02532958984375, 87.24925231933594, 87.6143569946289, 87.29676818847656, 87.29071807861328, 87.61827087402344, 87.47261047363281, 87.41649627685547, 87.19824981689453, 87.83892822265625, 87.7416763305664, 87.54161071777344, 87.83033752441406, 87.5536117553711, 87.605712890625, 87.74954986572266], "val_acc_3month": [73.41444396972656, 85.32839965820312, 85.66287994384766, 84.67290496826172, 86.60585021972656, 86.15277099609375, 86.63390350341797, 86.19168853759766, 86.47090148925781, 86.29304504394531, 86.80388641357422, 86.76607513427734, 86.4954605102539, 86.9186019897461, 86.55467224121094, 86.80554962158203, 86.52778625488281, 86.04244232177734, 86.9786376953125, 86.41972351074219, 86.82418060302734, 86.51957702636719, 86.99372100830078, 86.75836944580078, 86.46401977539062, 86.96078491210938, 86.87152862548828, 86.4942398071289, 86.45416259765625],