{"loss": [0.012877058237791061, 0.008047014474868774, 0.0073539139702916145, 0.006879599764943123, 0.006552064325660467, 0.006392365787178278, 0.006183421239256859, 0.005965841934084892, 0.00592410983517766, 0.0058503891341388226, 0.005592755973339081, 0.005525490734726191, 0.00538864778354764, 0.005267419386655092, 0.005113136954605579, 0.005011913366615772, 0.004866264760494232, 0.0047507924027740955, 0.004638225771486759, 0.00451250933110714, 0.004401637706905603, 0.0042467243038117886, 0.004163036588579416, 0.004010549746453762, 0.003926240373402834, 0.003850245615467429, 0.0037358435802161694, 0.003641197457909584, 0.0035630797501653433, 0.0034843659959733486, 0.0034190185833722353, 0.0033520576544106007], "acc_mean": [77.07469940185547, 83.71582794189453, 84.79805755615234, 85.52220153808594, 86.01332092285156, 86.2268295288086, 86.55130004882812, 86.9013900756836, 86.8870849609375, 87.0455322265625, 87.44926452636719, 87.5180892944336, 87.74629211425781, 87.98821258544922, 88.18765258789062, 88.39266204833984, 88.62165832519531, 88.82481384277344, 89.03070831298828, 89.26445007324219, 89.44183349609375, 89.71793365478516, 89.87689971923828, 90.15347290039062, 90.32511901855469, 90.46656036376953, 90.68926239013672, 90.87883758544922, 91.04438781738281, 91.19879913330078, 91.31947326660156, 91.46269226074219], "acc_1month": [78.69852447509766, 86.32719421386719, 87.55170440673828, 88.15518951416016, 88.43983459472656, 88.76924133300781, 89.15693664550781, 89.44518280029297, 89.37936401367188, 89.50946044921875, 89.89131927490234, 89.9197006225586, 90.13765716552734, 90.25716400146484, 90.34295654296875, 90.54594421386719, 90.65043640136719, 90.80615997314453, 90.87060546875, 91.01364135742188, 91.09210205078125, 91.20280456542969, 91.3550796508789, 91.48542022705078, 91.57731628417969, 91.67755889892578, 91.84870910644531, 91.92005157470703, 92.01433563232422, 92.07278442382812, 92.16030883789062, 92.25434875488281], "acc_2month": [79.32363891601562, 85.10679626464844, 85.82173919677734, 86.46318817138672, 86.93399047851562, 87.19701385498047, 87.47618865966797, 87.76000213623047, 87.67361450195312, 87.86307525634766, 88.21173858642578, 88.35619354248047, 88.57760620117188, 88.77717590332031, 88.9189453125, 89.0421371459961, 89.29193878173828, 89.45348358154297, 89.60089874267578, 89.83740997314453, 90.01178741455078, 90.1916732788086, 90.36509704589844, 90.58038330078125, 90.72059631347656, 90.90111541748047, 91.08229064941406, 91.27409362792969, 91.42159271240234, 91.56151580810547, 91.70120239257812, 91.82843017578125], "acc_3month": [78.87248992919922, 84.25171661376953, 85.33180236816406, 85.91654205322266, 86.42642211914062, 86.7008056640625, 86.9510269165039, 87.34614562988281, 87.29056549072266, 87.42086029052734, 87.79837799072266, 87.92324829101562, 88.04670715332031, 88.35704803466797, 88.50524139404297, 88.77523040771484, 88.9510498046875, 89.15240478515625, 89.36091613769531, 89.63626861572266, 89.85453033447266, 90.17390441894531, 90.28981018066406, 90.53221130371094, 90.775390625, 90.87699890136719, 91.11705017089844, 91.31840515136719, 91.45124816894531, 91.63141632080078, 91.74553680419922, 91.88959503173828], "acc_4month": [78.30632781982422, 84.25672149658203, 85.03369903564453, 85.77306365966797, 86.2998046875, 86.52909851074219, 86.74085235595703, 87.04044342041016, 87.06392669677734, 87.26620483398438, 87.6391830444336, 87.79346466064453, 87.95055389404297, 88.26428985595703, 88.4689712524414, 88.61744689941406, 88.8847885131836, 89.08792114257812, 89.42694854736328, 89.64188385009766, 89.80730438232422, 90.11318969726562, 90.2597427368164, 90.55389404296875, 90.76200103759766, 90.89891815185547, 91.10667419433594, 91.27435302734375, 91.46768188476562, 91.63176727294922, 91.73194122314453, 91.86930084228516], "acc_5month": [78.16622161865234, 84.0853271484375, 85.10956573486328, 85.6196517944336, 86.22163391113281, 86.23353576660156, 86.59336853027344, 86.83679962158203, 86.87440490722656, 87.03331756591797, 87.4386978149414, 87.42938995361328, 87.74174499511719, 87.98066711425781, 88.19319152832031, 88.4369888305664, 88.66117858886719, 88.8946304321289, 89.13528442382812, 89.36250305175781, 89.61442565917969, 89.93721008300781, 90.12503051757812, 90.4559326171875, 90.60384368896484, 90.75582885742188, 91.0151596069336, 91.1994400024414, 91.40332794189453, 91.58977508544922, 91.69316864013672, 91.82757568359375], "acc_6month": [76.21549224853516, 83.50782775878906, 84.57239532470703, 85.5640869140625, 85.80440521240234, 85.96312713623047, 86.36968994140625, 86.65229797363281, 86.77674865722656, 86.84891510009766, 87.21721649169922, 87.1031494140625, 87.46121215820312, 87.51039123535156, 87.85281372070312, 88.04876708984375, 88.30382537841797, 88.52802276611328, 88.70210266113281, 88.93370819091797, 89.1214599609375, 89.42466735839844, 89.55250549316406, 89.91700744628906, 90.0570068359375, 90.23632049560547, 90.36949157714844, 90.63740539550781, 90.83988952636719, 90.98344421386719, 91.13386535644531, 91.29602813720703], "val_loss": [0.024918409064412117, 0.007524083834141493, 0.0074933795258402824, 0.007390099111944437, 0.0068307300098240376, 0.006829836405813694, 0.0069141569547355175, 0.00628875894472003, 0.006757800932973623, 0.006455861963331699, 0.006580876186490059, 0.006846961565315723, 0.006324795540422201, 0.006725175306200981, 0.006606981623917818, 0.006692994851619005, 0.006496421527117491, 0.006813229061663151, 0.007202920038253069, 0.00652837660163641, 0.0069881039671599865, 0.006584478542208672, 0.007003458682447672, 0.007349396124482155, 0.007595478091388941, 0.007207846734672785, 0.007201165892183781, 0.007567666471004486, 0.007977384142577648, 0.007830786518752575, 0.00791272334754467, 0.007883744314312935], "val_acc_mean": [77.352294921875, 84.70838928222656, 84.5985107421875, 84.83024597167969, 85.59060668945312, 85.8541259765625, 85.53150177001953, 86.53266143798828, 85.94439697265625, 86.37830352783203, 86.04805755615234, 85.9852294921875, 86.50094604492188, 86.17279815673828, 86.32504272460938, 86.14622497558594, 86.73444366455078, 86.2732162475586, 86.10226440429688, 86.62699127197266, 86.2488021850586, 86.92254638671875, 86.64591217041016, 86.30701446533203, 86.23181915283203, 86.64540100097656, 86.64034271240234, 86.51055908203125, 86.30711364746094, 86.4382095336914, 86.43937683105469, 86.48072814941406], "val_acc_1month": [82.99444580078125, 88.03006744384766, 87.11898803710938, 87.90510559082031, 87.57765197753906, 89.16510009765625, 89.3333511352539, 89.67235565185547, 88.97795867919922, 88.95604705810547, 88.96573638916016, 89.2862319946289, 89.29828643798828, 89.4413833618164, 89.95855712890625, 89.09563446044922, 90.06719970703125, 89.61527252197266, 89.46060943603516, 90.1998291015625, 89.74681091308594, 90.28277587890625, 90.21599578857422, 89.69098663330078, 89.87237548828125, 90.04122924804688, 90.09130096435547, 89.9319839477539, 89.86498260498047, 90.06067657470703, 90.03689575195312, 90.08806610107422], "val_acc_2month": [83.08158874511719, 85.9276351928711, 85.4432373046875, 85.72464752197266, 87.43180084228516, 86.59766387939453, 87.60263061523438, 87.55257415771484, 86.47584533691406, 87.2081069946289, 87.31346130371094, 87.09835052490234, 88.04511260986328, 87.79994201660156, 87.7984619140625, 87.12611389160156, 87.73226165771484, 87.4206771850586, 87.08260345458984, 87.85456848144531, 87.37381744384766, 88.2412109375, 87.80522918701172, 87.31786346435547, 87.51996612548828, 87.97825622558594, 87.9359130859375, 87.64866638183594, 87.43587493896484, 87.64227294921875, 87.82643127441406, 87.86922454833984],