{"loss": [0.01292492263019085, 0.00823418702930212, 0.007365790661424398, 0.006871539168059826, 0.006648153532296419, 0.006316797342151403, 0.006330153439193964, 0.006033893674612045, 0.005970485508441925, 0.005787382833659649, 0.005668339319527149, 0.005587584804743528, 0.005413053557276726, 0.005333843640983105, 0.005274055991321802, 0.005011709872633219, 0.004932144191116095, 0.00478750467300415, 0.004650826100260019, 0.004549033008515835, 0.00441093510016799, 0.00429005129262805, 0.004170939326286316, 0.004080320708453655, 0.003965975251048803, 0.003879213472828269, 0.003778795013204217, 0.0036842767149209976, 0.0036083997692912817, 0.003536781296133995, 0.0034699614625424147, 0.003399846376851201], "acc_mean": [76.9534912109375, 83.67252349853516, 84.8870849609375, 85.58329772949219, 85.87679290771484, 86.41702270507812, 86.33694458007812, 86.7859878540039, 86.86643981933594, 87.13224792480469, 87.37104797363281, 87.47514343261719, 87.7796859741211, 87.8967056274414, 87.952392578125, 88.41083526611328, 88.54633331298828, 88.8042984008789, 89.03765869140625, 89.2135238647461, 89.44774627685547, 89.66142272949219, 89.8976058959961, 90.05779266357422, 90.26726531982422, 90.44050598144531, 90.62493133544922, 90.80416870117188, 90.94810485839844, 91.0932388305664, 91.23157501220703, 91.36591339111328], "acc_1month": [77.5271987915039, 86.27799987792969, 87.3604736328125, 88.0831298828125, 88.18470764160156, 89.08429718017578, 88.97373962402344, 89.16706085205078, 89.39603424072266, 89.52654266357422, 89.76577758789062, 89.78834533691406, 90.11228942871094, 90.22008514404297, 90.22461700439453, 90.50170135498047, 90.59310913085938, 90.70329284667969, 90.87549591064453, 90.9761962890625, 91.12031555175781, 91.2082290649414, 91.28675842285156, 91.42728424072266, 91.49655151367188, 91.57740783691406, 91.67231750488281, 91.81520080566406, 91.88577270507812, 91.94453430175781, 92.04601287841797, 92.10486602783203], "acc_2month": [79.06195831298828, 85.1487808227539, 86.14680480957031, 86.78334045410156, 86.88399505615234, 87.58583068847656, 87.37415313720703, 87.6910171508789, 87.83863067626953, 88.080322265625, 88.27368927001953, 88.24627685546875, 88.49266815185547, 88.6773681640625, 88.79344177246094, 89.08826446533203, 89.23519134521484, 89.4507827758789, 89.6038818359375, 89.83329772949219, 90.01667022705078, 90.13809204101562, 90.42687225341797, 90.5890884399414, 90.72100830078125, 90.88383483886719, 91.08081817626953, 91.2859878540039, 91.36217498779297, 91.47428131103516, 91.57872772216797, 91.72097778320312], "acc_3month": [78.65776062011719, 84.53398132324219, 85.41615295410156, 86.1349105834961, 86.3791275024414, 86.9159164428711, 86.77101135253906, 87.1932144165039, 87.3814468383789, 87.52576446533203, 87.83971405029297, 87.90330505371094, 88.12346649169922, 88.30213165283203, 88.39228057861328, 88.7448501586914, 88.93928527832031, 89.16802215576172, 89.35491180419922, 89.59078216552734, 89.79779052734375, 90.04932403564453, 90.25814819335938, 90.41954040527344, 90.61441802978516, 90.83087158203125, 90.99028778076172, 91.10169982910156, 91.31856536865234, 91.42400360107422, 91.6178970336914, 91.69438934326172], "acc_4month": [78.54271697998047, 84.31807708740234, 85.35350799560547, 85.80266571044922, 86.15135192871094, 86.62995147705078, 86.56073760986328, 87.0248031616211, 87.1084976196289, 87.296142578125, 87.57977294921875, 87.72693634033203, 87.998046875, 88.09947967529297, 88.20681762695312, 88.6319808959961, 88.80400848388672, 89.02278900146484, 89.31468200683594, 89.53064727783203, 89.70600128173828, 90.0509262084961, 90.242919921875, 90.37684631347656, 90.68046569824219, 90.8838119506836, 91.03175354003906, 91.16646575927734, 91.35836029052734, 91.50774383544922, 91.6545181274414, 91.75321197509766], "acc_5month": [78.77072143554688, 84.06254577636719, 84.97976684570312, 85.6030502319336, 86.08148193359375, 86.37422180175781, 86.22264099121094, 86.81330871582031, 86.75321960449219, 87.1599349975586, 87.31268310546875, 87.44099426269531, 87.81597900390625, 87.83271789550781, 87.93069458007812, 88.4338607788086, 88.50910186767578, 88.79589080810547, 89.11608123779297, 89.25466918945312, 89.54969024658203, 89.7947998046875, 90.07560729980469, 90.2286148071289, 90.52678680419922, 90.71278381347656, 90.9374771118164, 91.10678100585938, 91.24242401123047, 91.45122528076172, 91.60972595214844, 91.78056335449219], "acc_6month": [76.26625061035156, 83.17960357666016, 84.70314025878906, 85.53643035888672, 85.89535522460938, 85.86405181884766, 86.1149673461914, 86.64247131347656, 86.49978637695312, 86.84881591796875, 87.0430679321289, 87.20985412597656, 87.45227813720703, 87.56196594238281, 87.38420104980469, 88.05319213867188, 88.12602996826172, 88.45047760009766, 88.71231079101562, 88.7602310180664, 89.10537719726562, 89.25371551513672, 89.55978393554688, 89.76371002197266, 89.9453353881836, 90.11216735839844, 90.3239974975586, 90.57276153564453, 90.70862579345703, 90.86599731445312, 90.9931411743164, 91.19943237304688], "val_loss": [0.011410700157284737, 0.008636917918920517, 0.007707842625677586, 0.007359813433140516, 0.0068130455911159515, 0.0066649429500103, 0.0067548505030572414, 0.0065148514695465565, 0.006751540116965771, 0.0068804603070020676, 0.006301520857959986, 0.006496545858681202, 0.006905169226229191, 0.0067487964406609535, 0.006413543596863747, 0.0065203881822526455, 0.006815057713538408, 0.006717536598443985, 0.006920663174241781, 0.006867960561066866, 0.007344770710915327, 0.006792763248085976, 0.007147465366870165, 0.007475745398551226, 0.007293586153537035, 0.007423905655741692, 0.007562902756035328, 0.007738274987787008, 0.00818671565502882, 0.008609847165644169, 0.008397191762924194, 0.008415786549448967], "val_acc_mean": [80.8365478515625, 83.93233489990234, 84.44166564941406, 85.42525482177734, 85.97367095947266, 86.0252914428711, 85.801025390625, 86.29625701904297, 85.97566986083984, 85.6961898803711, 86.49413299560547, 86.61646270751953, 85.86727142333984, 86.20887756347656, 86.64887237548828, 86.58710479736328, 86.50216674804688, 86.47833251953125, 86.24947357177734, 86.15652465820312, 86.19409942626953, 86.69719696044922, 86.4716796875, 86.20203399658203, 86.49590301513672, 86.31492614746094, 86.45511627197266, 86.1972885131836, 86.06477355957031, 85.88668823242188, 86.21383666992188, 86.1636962890625], "val_acc_1month": [82.22186279296875, 86.617431640625, 88.30848693847656, 87.7757568359375, 88.44692993164062, 89.30809783935547, 88.55134582519531, 88.94425964355469, 88.44451141357422, 89.05641174316406, 89.56832122802734, 89.79113006591797, 88.99559783935547, 89.87418365478516, 90.01618957519531, 90.11863708496094, 89.37191009521484, 89.66392517089844, 89.59505462646484, 89.58733367919922, 89.76812744140625, 90.05957794189453, 89.91730499267578, 90.11348724365234, 90.16487884521484, 89.99690246582031, 90.04840087890625, 89.8185806274414, 89.7974853515625, 89.63143157958984, 90.01334381103516, 89.949951171875], "val_acc_2month": [83.07415008544922, 85.500244140625, 85.17923736572266, 86.66072082519531, 86.91238403320312, 86.95545196533203, 87.50779724121094, 87.26229858398438, 87.23002624511719, 86.48268127441406, 87.5613784790039, 87.61931610107422, 86.61264038085938, 87.55493927001953, 87.92996215820312, 88.14010620117188, 87.48219299316406, 87.83755493164062, 87.50823974609375, 87.35244750976562, 87.39694213867188, 87.78645324707031, 87.2684097290039, 87.3698501586914, 87.5234375, 87.28399658203125, 87.56237030029297, 87.16559600830078, 87.07715606689453, 86.86480712890625, 87.16658782958984, 87.19418334960938],