{"loss": [0.013266359455883503, 0.008513735607266426, 0.007283568847924471, 0.006984621752053499, 0.006696508266031742, 0.006455563008785248, 0.006233374122530222, 0.005991665180772543, 0.005906837992370129, 0.0057298000901937485, 0.005614646710455418, 0.005416527856141329, 0.005286490544676781, 0.0051736049354076385, 0.005044299177825451, 0.00489088473841548, 0.004789711441844702, 0.004584206268191338, 0.004451977089047432, 0.004307966213673353, 0.004184782970696688, 0.00406791502609849, 0.003993488848209381], "acc_mean": [76.57977294921875, 83.03282928466797, 84.93501281738281, 85.36354064941406, 85.76953125, 86.15483856201172, 86.41387939453125, 86.8104248046875, 86.93984985351562, 87.2052993774414, 87.39725494384766, 87.69611358642578, 87.90966033935547, 88.10090637207031, 88.29938507080078, 88.58302307128906, 88.76597595214844, 89.09302520751953, 89.34449768066406, 89.60811614990234, 89.81476593017578, 90.0344467163086, 90.18192291259766], "acc_1month": [77.27597045898438, 85.03931427001953, 87.28709411621094, 87.8772201538086, 88.12031555175781, 88.4649429321289, 89.04753875732422, 89.41136932373047, 89.45628356933594, 89.5888442993164, 89.89083862304688, 90.0017318725586, 90.060302734375, 90.31597900390625, 90.35179901123047, 90.62493896484375, 90.7172622680664, 90.82506561279297, 90.98692321777344, 91.19837951660156, 91.25850677490234, 91.37749481201172, 91.41380310058594], "acc_2month": [78.04242706298828, 84.49685668945312, 86.17827606201172, 86.41265869140625, 86.83492279052734, 86.96646881103516, 87.4745101928711, 87.81379699707031, 87.9034652709961, 88.10589599609375, 88.26385498046875, 88.47554016113281, 88.7148208618164, 88.89241027832031, 89.03594970703125, 89.27438354492188, 89.39305114746094, 89.59745025634766, 89.78804016113281, 90.11872100830078, 90.31544494628906, 90.43316650390625, 90.51471710205078], "acc_3month": [78.497314453125, 84.25379180908203, 85.52705383300781, 86.14096069335938, 86.35469818115234, 86.46114349365234, 86.75816345214844, 87.2759017944336, 87.283203125, 87.57099151611328, 87.81802368164062, 88.06693267822266, 88.31295013427734, 88.48651123046875, 88.71356201171875, 89.01190948486328, 89.14594268798828, 89.48948669433594, 89.72445678710938, 90.00049591064453, 90.18022918701172, 90.38406372070312, 90.55266571044922], "acc_4month": [78.42034912109375, 83.99063110351562, 85.2085189819336, 85.63703155517578, 85.94656372070312, 86.48591613769531, 86.50861358642578, 86.99625396728516, 87.03861236572266, 87.41432189941406, 87.50997161865234, 87.83780670166016, 88.06006622314453, 88.27339172363281, 88.52730560302734, 88.85848999023438, 88.9779052734375, 89.46815490722656, 89.71411895751953, 89.88798522949219, 90.16752624511719, 90.44287872314453, 90.68067932128906], "acc_5month": [78.53874206542969, 83.62110137939453, 85.2015380859375, 85.59671783447266, 85.9889907836914, 86.47262573242188, 86.38239288330078, 86.68829345703125, 86.92371368408203, 87.2261734008789, 87.31061553955078, 87.61300659179688, 87.95203399658203, 88.05559539794922, 88.16834259033203, 88.56292724609375, 88.79589080810547, 89.21150207519531, 89.47398376464844, 89.73165130615234, 89.97505950927734, 90.22608947753906, 90.43034362792969], "acc_6month": [76.22586822509766, 82.79705810546875, 84.93452453613281, 84.97473907470703, 85.6323471069336, 86.15097045898438, 86.23338317871094, 86.41149139404297, 86.72821807861328, 86.91294860839844, 87.05298614501953, 87.43205261230469, 87.55152893066406, 87.7027816772461, 87.99951934814453, 88.11566925048828, 88.37174224853516, 88.67607116699219, 88.97112274169922, 89.16512298583984, 89.45165252685547, 89.7149887084961, 89.829833984375], "val_loss": [0.01391250267624855, 0.01004865299910307, 0.00789321307092905, 0.0072093443013727665, 0.006739901844412088, 0.008822022937238216, 0.006781697738915682, 0.006544949021190405, 0.006515020504593849, 0.006269194185733795, 0.006274061743170023, 0.006393917836248875, 0.006219310685992241, 0.006307130213826895, 0.006526935379952192, 0.006302551832050085, 0.006549033336341381, 0.007238160818815231, 0.006791829597204924, 0.006580277346074581, 0.007043285295367241, 0.006899980362504721, 0.007070306688547134], "val_acc_mean": [79.01100158691406, 83.09770965576172, 84.2971420288086, 85.54879760742188, 85.79412841796875, 82.38875579833984, 85.9404296875, 86.14051055908203, 86.30635833740234, 86.65364074707031, 86.65977478027344, 86.45285034179688, 86.93304443359375, 86.75301361083984, 86.50881958007812, 86.77543640136719, 86.67359924316406, 85.91297149658203, 86.42391967773438, 86.66889953613281, 86.45222473144531, 86.6741943359375, 86.6482162475586], "val_acc_1month": [81.92723083496094, 85.35453033447266, 87.93638610839844, 87.82007598876953, 88.45218658447266, 86.81526184082031, 89.17841339111328, 89.42221069335938, 89.34288024902344, 89.1474609375, 89.58787536621094, 89.37909698486328, 89.96627807617188, 89.85457611083984, 89.63768005371094, 90.09617614746094, 89.9052505493164, 89.35317993164062, 89.89730834960938, 89.48509979248047, 89.3703842163086, 90.20272827148438, 90.12986755371094], "val_acc_2month": [83.12095642089844, 84.90928649902344, 86.91635131835938, 86.4842758178711, 86.92648315429688, 85.68130493164062, 87.872802734375, 87.6955337524414, 87.57723999023438, 87.77896118164062, 87.9122314453125, 87.49766540527344, 88.04489135742188, 88.0384521484375, 87.7978515625, 88.13741302490234, 87.59161376953125, 86.97830200195312, 87.50471496582031, 87.60323333740234, 87.54706573486328, 88.1011734008789, 87.73518371582031], "val_acc_3month": [82.13148498535156, 83.7311019897461, 85.0594482421875, 86.22207641601562, 86.13525390625, 83.21898651123047, 86.29586791992188, 86.27840423583984, 86.71417999267578, 86.9534683227539, 86.88682556152344, 86.76573944091797, 87.06380462646484, 86.71263122558594, 86.59996795654297, 87.29610443115234, 86.94249725341797, 85.65850067138672, 86.37831115722656, 86.70952606201172, 86.43424987792969, 86.82001495361328, 86.45465087890625], "val_acc_4month": [81.13865661621094, 83.7666244506836, 84.82907104492188, 85.78480529785156, 85.9654541015625, 82.03582000732422, 85.93824768066406, 85.89086151123047, 86.32681274414062, 86.66671752929688, 86.45588684082031, 86.13202667236328, 86.57233428955078, 86.29859924316406, 86.38514709472656, 86.64754486083984, 86.62430572509766, 85.62342834472656, 86.22058868408203, 86.61217498779297, 86.63469696044922, 86.31837463378906, 86.4651107788086], "val_acc_5month": [79.1510009765625, 83.82269287109375, 84.91417694091797, 85.60009765625, 85.84105682373047, 79.95388793945312, 85.11985778808594, 85.49531555175781, 86.01370239257812, 86.59432983398438, 86.40151977539062, 86.51544952392578, 86.76792907714844, 86.4466323852539, 86.59315490722656, 86.39651489257812, 86.41107177734375, 86.26555633544922, 86.2798843383789, 86.7327651977539, 86.46382141113281, 86.0879135131836, 86.33617401123047], "val_acc_6month": [75.66845703125, 83.50101470947266, 81.32279968261719, 85.61023712158203, 85.78050994873047, 81.92327880859375, 84.81675720214844, 85.45491027832031, 86.01901245117188, 86.28675079345703, 86.59080505371094, 86.3542251586914, 86.5073013305664, 86.55937194824219, 86.07051849365234, 85.6875, 86.08918762207031, 86.26020050048828, 86.13114166259766, 86.39741516113281, 86.18287658691406, 85.82707977294922, 86.41259765625], "lr": ["0.0005", "0.0005", "0.0005", "0.00045241872", "0.0004093654", "0.00037040914", "0.00033516003", "0.00030326535", "0.00027440584", "0.00024829266", "0.00022466449", "0.00020328483", "0.00018393972", "0.00016643554", "0.0001505971", "0.0001362659", "0.00012329848", "0.00011156508", "0.00010094826", "9.134176e-05", "8.264944e-05", "7.478431e-05", "6.766764e-05"]}