{"loss": [0.012945873662829399, 0.008217236958444118, 0.007426569238305092, 0.006886281538754702, 0.006477114278823137, 0.006358929444104433, 0.0061516049318015575, 0.00596122769638896, 0.0058536287397146225, 0.005633135326206684, 0.005578251089900732, 0.005474420264363289, 0.00524479104205966, 0.005192057229578495, 0.005059152841567993, 0.0048491996712982655, 0.004751686472445726, 0.0046113585121929646, 0.004505939316004515, 0.004359647631645203, 0.0042219702154397964, 0.004103986080735922, 0.003995301201939583, 0.0038713128305971622, 0.003781743347644806, 0.0036826590076088905], "acc_mean": [76.6932601928711, 83.55110931396484, 84.77973937988281, 85.5105972290039, 86.11505889892578, 86.25232696533203, 86.52290344238281, 86.82123565673828, 87.02361297607422, 87.34211730957031, 87.42485809326172, 87.57628631591797, 87.97422790527344, 88.05998229980469, 88.25643157958984, 88.64952087402344, 88.8367691040039, 89.03443908691406, 89.2631607055664, 89.53731536865234, 89.7648696899414, 90.01395416259766, 90.21316528320312, 90.42527770996094, 90.6064224243164, 90.80802917480469], "acc_1month": [78.25237274169922, 85.80810546875, 87.36283111572266, 88.04376983642578, 88.70144653320312, 88.65784454345703, 89.09201049804688, 89.26296997070312, 89.45308685302734, 89.7328109741211, 89.83860778808594, 89.9373550415039, 90.19331359863281, 90.16199493408203, 90.24803924560547, 90.67032623291016, 90.78776550292969, 90.86090850830078, 90.89840698242188, 91.11566162109375, 91.23281860351562, 91.39166259765625, 91.52761840820312, 91.62006378173828, 91.7005615234375, 91.84650421142578], "acc_2month": [79.48213195800781, 85.13172912597656, 85.94609069824219, 86.5761489868164, 87.05671691894531, 87.19124603271484, 87.47974395751953, 87.74124145507812, 87.86258697509766, 88.1540298461914, 88.22565460205078, 88.40735626220703, 88.78935241699219, 88.81636047363281, 88.92997741699219, 89.43419647216797, 89.50160217285156, 89.79801177978516, 89.83651733398438, 90.12454986572266, 90.30756378173828, 90.54632568359375, 90.7334976196289, 90.894287109375, 91.09748840332031, 91.24729919433594], "acc_3month": [79.02210235595703, 84.45772552490234, 85.31987762451172, 85.87308502197266, 86.75077819824219, 86.74378967285156, 87.00042724609375, 87.24003601074219, 87.4984359741211, 87.6969985961914, 87.8411865234375, 88.01316833496094, 88.34310913085938, 88.4639892578125, 88.68240356445312, 89.06500244140625, 89.27931213378906, 89.53990173339844, 89.69766235351562, 89.98765563964844, 90.18913269042969, 90.42765045166016, 90.69263458251953, 90.8746109008789, 91.10151672363281, 91.20128631591797], "acc_4month": [78.8138427734375, 84.493896484375, 85.09272003173828, 85.7901611328125, 86.43733978271484, 86.61874389648438, 86.7239990234375, 87.05467224121094, 87.29378509521484, 87.584716796875, 87.73665618896484, 87.9366455078125, 88.21414947509766, 88.32867431640625, 88.69741821289062, 88.90950775146484, 89.24503326416016, 89.4936752319336, 89.65767669677734, 89.99813079833984, 90.19520568847656, 90.49870300292969, 90.66516876220703, 90.92076873779297, 91.09510803222656, 91.27433013916016], "acc_5month": [76.857177734375, 84.12440490722656, 85.11553192138672, 85.8511734008789, 86.19966125488281, 86.36968994140625, 86.52490234375, 86.8474349975586, 87.02955627441406, 87.38910675048828, 87.56205749511719, 87.51815795898438, 88.0454330444336, 88.22756958007812, 88.42633819580078, 88.70947265625, 88.92965698242188, 89.1513442993164, 89.53199768066406, 89.74079895019531, 90.0521469116211, 90.28939056396484, 90.49948120117188, 90.75518035888672, 90.90950012207031, 91.1883773803711], "acc_6month": [75.36979675292969, 82.76119232177734, 84.68206024169922, 85.38838195800781, 85.68724060058594, 86.07552337646484, 86.16663360595703, 86.56549835205078, 86.77790832519531, 87.0406265258789, 86.9980239868164, 87.1657943725586, 87.67266082763672, 87.82293701171875, 87.8661880493164, 88.2170181274414, 88.425537109375, 88.4949951171875, 88.9554214477539, 89.22001647949219, 89.4658432006836, 89.70439147949219, 89.8668441772461, 90.14512634277344, 90.32695770263672, 90.59957885742188], "val_loss": [0.023223407566547394, 0.007683136034756899, 0.007141110487282276, 0.00698176771402359, 0.006900538690388203, 0.006767387501895428, 0.006230485159903765, 0.0064416443929076195, 0.006346389185637236, 0.006318190135061741, 0.0070160916075110435, 0.0062680975534021854, 0.006273283623158932, 0.006521536968648434, 0.006228097714483738, 0.0062442864291369915, 0.006354084704071283, 0.006434964947402477, 0.0064842356368899345, 0.006673355121165514, 0.006792843341827393, 0.007043715566396713, 0.006733310874551535, 0.006991819012910128, 0.006957212928682566, 0.007063387893140316], "val_acc_mean": [77.68849182128906, 84.49501037597656, 85.28036499023438, 85.53271484375, 85.59175109863281, 85.63310241699219, 86.5849838256836, 86.43571472167969, 86.34217834472656, 86.44837951660156, 85.8728256225586, 86.53201293945312, 86.72544860839844, 86.40533447265625, 86.91505432128906, 87.0060043334961, 86.8658676147461, 86.83026123046875, 86.80458068847656, 86.9100570678711, 86.88935852050781, 86.62906646728516, 86.98977661132812, 86.87693786621094, 86.96015930175781, 86.98797607421875], "val_acc_1month": [80.13948059082031, 87.3538589477539, 88.7215576171875, 88.77213287353516, 88.70030975341797, 88.58191680908203, 89.59801483154297, 89.446533203125, 89.25779724121094, 89.59648132324219, 89.60513305664062, 89.67076873779297, 89.94206237792969, 89.51907348632812, 89.94157409667969, 90.3343276977539, 90.06204223632812, 89.91281127929688, 89.91763305664062, 90.21171569824219, 90.26255798339844, 90.1697006225586, 90.09228515625, 90.32073974609375, 90.29466247558594, 90.43190002441406], "val_acc_2month": [80.58769989013672, 85.3392105102539, 86.68274688720703, 86.7936019897461, 87.55642700195312, 87.11482238769531, 87.90033721923828, 87.65257263183594, 87.72603607177734, 87.55670166015625, 87.22782897949219, 87.54618072509766, 87.87660217285156, 87.57234191894531, 87.98822784423828, 88.2379150390625, 88.0591049194336, 88.02281188964844, 87.85974884033203, 87.99984741210938, 88.22447967529297, 87.95419311523438, 88.11058807373047, 88.0821762084961, 88.15377044677734, 88.24986267089844], "val_acc_3month": [81.7235336303711, 85.33926391601562, 85.51923370361328, 85.94569396972656, 86.31565856933594, 85.57501220703125, 87.08952331542969, 86.7019271850586, 86.83326721191406, 86.69233703613281, 86.16191864013672, 86.63390350341797, 87.01145935058594, 86.72288513183594, 87.1622085571289, 87.19154357910156, 87.2192611694336, 87.0389633178711, 87.10150146484375, 87.0134048461914, 87.09318542480469, 86.87462615966797, 87.12495422363281, 86.92879486083984, 87.02371978759766, 87.19281768798828], "val_acc_4month": [80.56708526611328, 84.79756164550781, 85.26351928710938, 85.41551208496094, 85.26519775390625, 85.891357421875, 86.58155822753906, 86.51154327392578, 86.11167907714844, 86.44203186035156, 85.56330871582031, 86.26585388183594, 86.50232696533203, 86.61888122558594, 86.83082580566406, 86.84111022949219, 86.73924255371094, 86.72511291503906, 86.87870788574219, 86.5657958984375, 86.82769775390625, 86.3763198852539, 86.79154205322266, 86.58831787109375, 86.7047119140625, 86.92146301269531], "val_acc_5month": [78.77267456054688, 84.68327331542969, 85.33991241455078, 85.28946685791016, 85.33155059814453, 85.13502502441406, 86.38348388671875, 86.3043212890625, 86.30191040039062, 86.38258361816406, 85.11255645751953, 86.4134292602539, 86.28915405273438, 86.18533325195312, 86.77225494384766, 86.58545684814453, 86.49494934082031, 86.46129608154297, 86.51887512207031, 86.49056243896484, 86.43477630615234, 86.08909606933594, 86.60456085205078, 86.45258331298828, 86.55646514892578, 86.40078735351562],