{"loss": [0.013723524287343025, 0.008633339777588844, 0.007575050927698612, 0.007053652312606573, 0.006740067154169083, 0.0065041594207286835, 0.006242840085178614, 0.006153153255581856, 0.005950562190264463, 0.005814200267195702, 0.005746972747147083, 0.005517832934856415, 0.005436594132333994, 0.005349168088287115, 0.005131498910486698, 0.005061416886746883, 0.004853146616369486, 0.004700354766100645, 0.004571225494146347, 0.0044742668978869915, 0.004361821338534355, 0.004243636969476938, 0.004092070274055004, 0.003992859274148941], "acc_mean": [76.48619842529297, 82.92942810058594, 84.55033874511719, 85.28170013427734, 85.77554321289062, 86.12249755859375, 86.51856231689453, 86.62102508544922, 86.9116439819336, 87.1491470336914, 87.23548889160156, 87.58346557617188, 87.74066925048828, 87.85923767089844, 88.20659637451172, 88.29800415039062, 88.66374206542969, 88.92973327636719, 89.15880584716797, 89.30842590332031, 89.51903533935547, 89.72888946533203, 90.02046203613281, 90.19849395751953], "acc_1month": [77.75949096679688, 85.40084075927734, 86.9536361694336, 87.83805084228516, 88.35761260986328, 88.6884765625, 89.0903091430664, 89.30207824707031, 89.39433288574219, 89.5931396484375, 89.61375427246094, 89.85896301269531, 90.02063751220703, 89.94821166992188, 90.26445770263672, 90.41665649414062, 90.5703125, 90.70498657226562, 90.83484649658203, 90.94609832763672, 91.10052490234375, 91.19014739990234, 91.32463836669922, 91.4319839477539], "acc_2month": [78.45710754394531, 84.494873046875, 85.71658325195312, 86.58120727539062, 86.74417877197266, 87.0518569946289, 87.4639892578125, 87.59648132324219, 87.80821990966797, 88.02022552490234, 88.1568374633789, 88.36437225341797, 88.5779800415039, 88.56793212890625, 88.9070053100586, 89.02153778076172, 89.2434310913086, 89.4819564819336, 89.73582458496094, 89.85486602783203, 90.0119857788086, 90.20767211914062, 90.43485260009766, 90.60255432128906], "acc_3month": [78.43096160888672, 83.94402313232422, 85.25060272216797, 85.8682861328125, 86.22127532958984, 86.51683044433594, 86.92381286621094, 86.93223571777344, 87.36827087402344, 87.49142456054688, 87.74124145507812, 87.92279052734375, 88.13328552246094, 88.22789001464844, 88.58565521240234, 88.61456298828125, 89.03262329101562, 89.28641510009766, 89.55979919433594, 89.59452819824219, 89.90896606445312, 90.13407135009766, 90.38519287109375, 90.54728698730469], "acc_4month": [78.37576293945312, 83.62249755859375, 85.1741943359375, 85.48651885986328, 86.06448364257812, 86.45450592041016, 86.69140625, 86.74600982666016, 87.11251831054688, 87.32955169677734, 87.45882415771484, 87.8363037109375, 88.01212310791016, 88.15654754638672, 88.50654602050781, 88.53775787353516, 88.98202514648438, 89.27046966552734, 89.49542999267578, 89.68467712402344, 89.82865142822266, 90.088623046875, 90.4159164428711, 90.60629272460938], "acc_5month": [77.9314956665039, 83.30806732177734, 84.79784393310547, 85.46269226074219, 85.75664520263672, 86.15863037109375, 86.57036590576172, 86.48271179199219, 86.89701843261719, 87.0816879272461, 87.13841247558594, 87.58914947509766, 87.62102508544922, 87.9736099243164, 88.18303680419922, 88.2435302734375, 88.63860321044922, 88.97635650634766, 89.23776245117188, 89.4239273071289, 89.65235900878906, 89.9375991821289, 90.24620819091797, 90.43516540527344], "acc_6month": [75.77970886230469, 82.61653137207031, 84.20746612548828, 85.05803680419922, 85.63507843017578, 85.92908477783203, 86.25004577636719, 86.45957946777344, 86.65611267089844, 86.91748046875, 86.84442901611328, 87.21244049072266, 87.34938049316406, 87.5092544555664, 87.85092163085938, 87.93291473388672, 88.34910583496094, 88.52581787109375, 88.70018005371094, 88.92029571533203, 89.14921569824219, 89.29412078857422, 89.63751220703125, 89.83553314208984], "val_loss": [0.010681691579520702, 0.008930368348956108, 0.0075761787593364716, 0.007004199083894491, 0.007932843640446663, 0.007748283911496401, 0.007024949416518211, 0.0069032167084515095, 0.006932597141712904, 0.006709221284836531, 0.007185865193605423, 0.006714953109622002, 0.0064515783451497555, 0.0064366478472948074, 0.006898225285112858, 0.006589529570192099, 0.006894173566251993, 0.007048664148896933, 0.007564263418316841, 0.007398711983114481, 0.006910782773047686, 0.007389215752482414, 0.0072870636358857155, 0.007488675881177187], "val_acc_mean": [79.69906616210938, 82.87537384033203, 85.20419311523438, 85.45402526855469, 84.18937683105469, 84.89132690429688, 85.40621185302734, 85.50244903564453, 85.56399536132812, 85.97245025634766, 85.25328826904297, 85.99437713623047, 86.49723052978516, 86.58729553222656, 85.89899444580078, 86.43785095214844, 86.14309692382812, 85.82369995117188, 85.75508880615234, 85.99364471435547, 86.32360076904297, 86.12244415283203, 86.24726867675781, 86.28829956054688], "val_acc_1month": [82.29352569580078, 85.54501342773438, 87.50637817382812, 87.96766662597656, 88.65215301513672, 88.50325012207031, 89.31554412841797, 88.17743682861328, 89.22016143798828, 89.27522277832031, 88.71981048583984, 88.98924255371094, 89.73103332519531, 89.99734497070312, 89.80438995361328, 89.95362854003906, 89.80762481689453, 89.73158264160156, 89.46389770507812, 89.96469116210938, 90.1864013671875, 89.95005798339844, 90.08768463134766, 89.8812026977539], "val_acc_2month": [84.42467498779297, 84.71825408935547, 86.4521713256836, 86.86006927490234, 84.8924331665039, 86.17247009277344, 87.10154724121094, 86.30513763427734, 87.10282135009766, 87.09114074707031, 86.2544174194336, 86.96888732910156, 87.82643127441406, 88.0567855834961, 87.19109344482422, 87.4269027709961, 87.09565734863281, 87.37342834472656, 86.8707504272461, 87.85121154785156, 87.66645050048828, 87.30685424804688, 87.4141845703125, 87.40724182128906], "val_acc_3month": [80.50591278076172, 84.8406753540039, 85.84412384033203, 86.47162628173828, 83.00497436523438, 85.18790435791016, 85.7967758178711, 85.3672103881836, 85.37342071533203, 86.20977020263672, 84.995361328125, 86.44279479980469, 86.89447784423828, 87.29277801513672, 86.32159423828125, 86.43414306640625, 86.1563720703125, 86.44511413574219, 85.86895751953125, 86.77444458007812, 86.61920928955078, 86.23255157470703, 86.47306060791016, 86.58837890625], "val_acc_4month": [79.27983856201172, 84.50532531738281, 85.57743835449219, 85.81407928466797, 83.77484130859375, 84.53572082519531, 85.74787139892578, 86.23181915283203, 85.65377044677734, 86.23825073242188, 85.63650512695312, 86.11849975585938, 86.67615509033203, 86.79891967773438, 85.5211181640625, 86.62351989746094, 86.39208221435547, 85.92388153076172, 85.92119598388672, 85.90276336669922, 86.22702026367188, 86.06039428710938, 86.03546905517578, 86.2660140991211], "val_acc_5month": [79.3151626586914, 83.51925659179688, 84.86759948730469, 85.47430419921875, 85.0403060913086, 84.73394775390625, 85.30699920654297, 86.08173370361328, 85.1615982055664, 85.29564666748047, 85.5488510131836, 85.7265625, 86.04898071289062, 86.26044464111328, 85.09710693359375, 86.2371826171875, 85.89684295654297, 85.00344848632812, 85.73301696777344, 84.90642547607422, 85.69268035888672, 85.57318115234375, 85.71121978759766, 85.9577407836914], "val_acc_6month": [80.79199981689453, 80.33260345458984, 85.12632751464844, 84.27250671386719, 84.744384765625, 84.550537109375, 83.96395111083984, 85.47172546386719, 85.33181762695312, 85.69098663330078, 85.5499496459961, 85.86846923828125, 85.81031799316406, 85.24262237548828, 85.60882568359375, 85.73023986816406, 85.60011291503906, 84.81636047363281, 85.49669647216797, 84.90538024902344, 85.57699584960938, 85.58959197998047, 85.63700103759766, 85.65364837646484],