{"loss": [0.013676632195711136, 0.008428501896560192, 0.007322587072849274, 0.006818278227001429, 0.006723380647599697, 0.006253546103835106, 0.006141651421785355, 0.005959104280918837, 0.005799856968224049, 0.005635667592287064, 0.005515070632100105, 0.005383478011935949, 0.005243038292974234, 0.005116388201713562, 0.004996436182409525, 0.00483676977455616, 0.004687495995312929, 0.00457816943526268, 0.004425692372024059, 0.004322306718677282, 0.004183832556009293, 0.004044828936457634, 0.003968656994402409, 0.0038531499449163675, 0.003746757982298732, 0.0036783518735319376, 0.0035928688012063503, 0.0035111771430820227, 0.0034241846296936274, 0.003352132858708501, 0.003287388477474451, 0.0032244264148175716, 0.003154398174956441], "acc_mean": [76.23844146728516, 83.1949462890625, 84.90953063964844, 85.64881896972656, 85.7732925415039, 86.48269653320312, 86.66669464111328, 86.88007354736328, 87.13619232177734, 87.37118530273438, 87.54903411865234, 87.7726821899414, 88.00178527832031, 88.21746063232422, 88.40889739990234, 88.6796875, 88.91600799560547, 89.11617279052734, 89.41214752197266, 89.56761169433594, 89.81900024414062, 90.0866470336914, 90.24097442626953, 90.44702911376953, 90.66828918457031, 90.79248809814453, 90.9783706665039, 91.129150390625, 91.3124008178711, 91.46147155761719, 91.59386444091797, 91.73445892333984, 91.87678527832031], "acc_1month": [77.84703063964844, 85.57110595703125, 87.455078125, 88.11677551269531, 88.2193374633789, 89.00669860839844, 88.9949951171875, 89.39030456542969, 89.63803100585938, 89.69878387451172, 89.8749771118164, 90.01016235351562, 90.2938232421875, 90.38839721679688, 90.40206909179688, 90.5335693359375, 90.7950439453125, 90.78816986083984, 91.04345703125, 91.134521484375, 91.3268814086914, 91.43226623535156, 91.47169494628906, 91.64661407470703, 91.74983978271484, 91.85111236572266, 91.89495086669922, 92.06622314453125, 92.1639633178711, 92.24260711669922, 92.32472229003906, 92.40190887451172, 92.52416229248047], "acc_2month": [78.39974212646484, 84.65104675292969, 86.16993713378906, 86.74515533447266, 86.85317993164062, 87.53270721435547, 87.56006622314453, 87.89802551269531, 88.03257751464844, 88.25917053222656, 88.39517211914062, 88.4887924194336, 88.83631896972656, 88.9175033569336, 89.01927185058594, 89.30000305175781, 89.50222778320312, 89.57218933105469, 89.94125366210938, 90.07295227050781, 90.34050750732422, 90.48697662353516, 90.59777069091797, 90.81983947753906, 91.0673828125, 91.17320251464844, 91.3128890991211, 91.46540832519531, 91.61834716796875, 91.78276062011719, 91.89086151123047, 92.03267669677734, 92.15328216552734], "acc_3month": [77.94194030761719, 84.08283233642578, 85.6204833984375, 86.22895050048828, 86.33209991455078, 86.92759704589844, 87.09082794189453, 87.30545043945312, 87.51570892333984, 87.75678253173828, 88.0386734008789, 88.09502410888672, 88.34648132324219, 88.52777099609375, 88.71580505371094, 89.13159942626953, 89.3218765258789, 89.44613647460938, 89.78014373779297, 89.95973205566406, 90.1295166015625, 90.42314147949219, 90.65685272216797, 90.8096694946289, 91.05876159667969, 91.13054656982422, 91.34403991699219, 91.50084686279297, 91.6756591796875, 91.84990692138672, 91.97505950927734, 92.09326171875, 92.25716400146484], "acc_4month": [77.72164916992188, 83.93986511230469, 85.2941665649414, 85.98358154296875, 85.98516845703125, 86.65503692626953, 86.86677551269531, 87.07186889648438, 87.26810455322266, 87.5574951171875, 87.7198257446289, 88.01170349121094, 88.12405395507812, 88.4203109741211, 88.7138442993164, 88.91749572753906, 89.21031188964844, 89.42324829101562, 89.78190612792969, 89.85308074951172, 90.11090087890625, 90.3878173828125, 90.60311126708984, 90.8189926147461, 91.00735473632812, 91.1537857055664, 91.34810638427734, 91.5258560180664, 91.69178771972656, 91.86206817626953, 91.99112701416016, 92.12797546386719, 92.25699615478516], "acc_5month": [77.79704284667969, 83.98937225341797, 85.10220336914062, 85.7047348022461, 85.99742126464844, 86.52760314941406, 86.74568176269531, 86.66768646240234, 87.03782653808594, 87.38871002197266, 87.48295593261719, 87.79725646972656, 87.89717102050781, 88.18257141113281, 88.42119598388672, 88.73270416259766, 88.95506286621094, 89.273681640625, 89.51990509033203, 89.72727966308594, 89.9862289428711, 90.31842803955078, 90.46613311767578, 90.701171875, 90.93975067138672, 91.08806610107422, 91.37925720214844, 91.44747161865234, 91.68208312988281, 91.83694458007812, 91.94805908203125, 92.11691284179688, 92.22657775878906], "acc_6month": [75.46046447753906, 82.50057983398438, 84.51453399658203, 85.3643798828125, 85.50688171386719, 86.08760833740234, 86.51063537597656, 86.56074523925781, 86.87873840332031, 86.94601440429688, 87.1383056640625, 87.41474151611328, 87.56949615478516, 87.8966293334961, 88.08505249023438, 88.3055191040039, 88.5313720703125, 88.86924743652344, 89.02264404296875, 89.24959564208984, 89.53848266601562, 89.87983703613281, 90.02253723144531, 90.20698547363281, 90.40785217285156, 90.5994873046875, 90.76496124267578, 90.92129516601562, 91.11823272705078, 91.25740814208984, 91.45890045166016, 91.59343719482422, 91.76658630371094], "val_loss": [0.01380690187215805, 0.008138250559568405, 0.007824634201824665, 0.007177533581852913, 0.006901946384459734, 0.006394363474100828, 0.006303814705461264, 0.0064955176785588264, 0.0064835259690880775, 0.006246265489608049, 0.006320585031062365, 0.006852108985185623, 0.006753820925951004, 0.006839832291007042, 0.00693152891471982, 0.0066216373816132545, 0.006979369092732668, 0.0067806122824549675, 0.0064501711167395115, 0.007478067651391029, 0.007263254839926958, 0.007037377450615168, 0.006733148358762264, 0.007378703448921442, 0.007338798604905605, 0.007157769985496998, 0.007055708207190037, 0.007587788626551628, 0.007631841581314802, 0.007974391803145409, 0.007761731743812561, 0.00774747971445322, 0.008349028415977955], "val_acc_mean": [79.37391662597656, 83.60527038574219, 85.04796600341797, 85.32894897460938, 85.6710205078125, 86.46714782714844, 86.5467300415039, 86.29500579833984, 86.227783203125, 86.5053482055664, 86.85286712646484, 85.96536254882812, 86.00247192382812, 85.91495513916016, 85.9590072631836, 86.6371841430664, 86.21691131591797, 86.52726745605469, 86.9319839477539, 85.81825256347656, 86.44844055175781, 86.57102966308594, 87.04195404052734, 86.54654693603516, 86.7754898071289, 86.7759780883789, 87.03592681884766, 86.73088836669922, 86.75445556640625, 86.56541442871094, 86.95248413085938, 86.87994384765625, 86.56502532958984], "val_acc_1month": [81.59162139892578, 86.33101654052734, 88.06781005859375, 88.41476440429688, 88.45015716552734, 89.6957015991211, 89.67011260986328, 89.63417053222656, 88.9705581665039, 89.69476318359375, 89.93499755859375, 89.70063018798828, 89.06090545654297, 89.66375732421875, 88.73016357421875, 89.84542846679688, 89.73574829101562, 89.95137786865234, 90.03793334960938, 89.24749755859375, 89.81616973876953, 90.07343292236328, 90.39847564697266, 90.21467590332031, 90.15254974365234, 90.0851058959961, 90.38374328613281, 90.32725524902344, 90.33558654785156, 90.13134765625, 90.38319396972656, 90.24951934814453, 90.21347045898438], "val_acc_2month": [80.2451171875, 85.43492889404297, 86.8302230834961, 87.03865814208984, 86.71556854248047, 87.45317077636719, 87.84939575195312, 87.38290405273438, 87.33102416992188, 87.84819030761719, 87.99092102050781, 86.87218475341797, 87.21031188964844, 87.41764831542969, 87.15970611572266, 87.96058654785156, 87.51732635498047, 87.69514465332031, 88.08289337158203, 86.71578979492188, 87.55252075195312, 87.83122253417969, 88.11097717285156, 87.4607162475586, 87.97842407226562, 87.92731475830078, 88.055908203125, 87.8155288696289, 87.7857894897461, 87.62113189697266, 88.01184844970703, 87.91960906982422, 87.58902740478516],