{"loss": [0.013253943994641304, 0.008503729477524757, 0.007451953366398811, 0.007144384551793337, 0.006585967261344194, 0.0064664375968277454, 0.006253413390368223, 0.006001163739711046, 0.006016037426888943, 0.00575833348557353, 0.005662118550390005, 0.005475336220115423, 0.005350117571651936, 0.005156442988663912, 0.005064595025032759, 0.004913645796477795, 0.004782209172844887, 0.004622953478246927, 0.00451252656057477, 0.00439581461250782, 0.00425715371966362, 0.00413754116743803, 0.004052493721246719], "acc_mean": [76.46723175048828, 82.98085021972656, 84.72676849365234, 85.21302032470703, 85.92652130126953, 86.14563751220703, 86.46446228027344, 86.8034439086914, 86.7740249633789, 87.21094512939453, 87.31517028808594, 87.6322021484375, 87.79540252685547, 88.14884948730469, 88.30225372314453, 88.5517807006836, 88.74441528320312, 89.04183959960938, 89.2232894897461, 89.4375228881836, 89.6865234375, 89.90998840332031, 90.08216857910156], "acc_1month": [77.74439239501953, 85.36498260498047, 87.50934600830078, 88.00237274169922, 88.39785766601562, 88.64265441894531, 89.05472564697266, 89.33556365966797, 89.33309936523438, 89.79883575439453, 89.70924377441406, 90.04125213623047, 90.08113098144531, 90.37858581542969, 90.45211791992188, 90.59819793701172, 90.74842071533203, 90.8111801147461, 90.8821792602539, 91.0778579711914, 91.24186706542969, 91.3525390625, 91.38819885253906], "acc_2month": [78.5259780883789, 84.90290832519531, 85.80558013916016, 86.433837890625, 86.99983215332031, 87.11579132080078, 87.41598510742188, 87.70938873291016, 87.72418975830078, 88.05065155029297, 88.07550048828125, 88.46057891845703, 88.65101623535156, 88.85749053955078, 89.0231704711914, 89.27670288085938, 89.35711669921875, 89.59085083007812, 89.76214599609375, 90.01261901855469, 90.21929168701172, 90.45376586914062, 90.5227279663086], "acc_3month": [78.01280212402344, 84.02986145019531, 85.13673400878906, 85.73163604736328, 86.3296127319336, 86.50305938720703, 86.8543472290039, 87.20884704589844, 87.30075073242188, 87.47762298583984, 87.60639953613281, 87.98033905029297, 88.12633514404297, 88.46652221679688, 88.62715911865234, 88.92586517333984, 89.14055633544922, 89.4452896118164, 89.58477020263672, 89.83724212646484, 90.09584045410156, 90.34418487548828, 90.52638244628906], "acc_4month": [78.364990234375, 83.6292495727539, 84.98326873779297, 85.40495300292969, 86.14283752441406, 86.35842895507812, 86.57902526855469, 87.07891082763672, 86.96987915039062, 87.28877258300781, 87.61585235595703, 87.84815979003906, 88.05854034423828, 88.40824127197266, 88.51020050048828, 88.75797271728516, 88.99647521972656, 89.4452896118164, 89.56319427490234, 89.7496566772461, 90.02188110351562, 90.25284576416016, 90.4896011352539], "acc_5month": [77.99407196044922, 83.70426177978516, 85.14724731445312, 85.3508529663086, 86.09364318847656, 86.33675384521484, 86.55892944335938, 86.80928802490234, 86.72220611572266, 87.16646575927734, 87.41793060302734, 87.55620574951172, 87.86700439453125, 88.16346740722656, 88.31648254394531, 88.60103607177734, 88.8125228881836, 89.1282958984375, 89.4001693725586, 89.62527465820312, 89.86576080322266, 90.11875915527344, 90.346923828125], "acc_6month": [75.78968811035156, 82.07698822021484, 84.54071044921875, 85.0648193359375, 85.82762145996094, 85.97711944580078, 86.13406372070312, 86.52436828613281, 86.42479705810547, 87.0525131225586, 87.01725769042969, 87.29350280761719, 87.29443359375, 87.83553314208984, 87.97084045410156, 88.19315338134766, 88.39977264404297, 88.65967559814453, 88.95011901855469, 89.11075592041016, 89.37310791015625, 89.54566955566406, 89.76165008544922], "val_loss": [0.02142220176756382, 0.009942907840013504, 0.007716957479715347, 0.006906265392899513, 0.007006138097494841, 0.006639496888965368, 0.006775611080229282, 0.007098170462995768, 0.006750083528459072, 0.006365502718836069, 0.006533802952617407, 0.006713494658470154, 0.006058123894035816, 0.006777408067137003, 0.006335542071610689, 0.0065955291502177715, 0.006497068330645561, 0.006743750534951687, 0.0065604387782514095, 0.006716623902320862, 0.007079442031681538, 0.006783709861338139, 0.00684342160820961], "val_acc_mean": [76.2662353515625, 80.9112319946289, 84.29893493652344, 85.70756530761719, 85.1756820678711, 86.16233825683594, 85.9047622680664, 85.44009399414062, 85.82474517822266, 86.54844665527344, 86.08467102050781, 85.8448715209961, 86.94294738769531, 86.17922973632812, 86.67840576171875, 86.42971801757812, 86.5618667602539, 86.4802474975586, 86.71800994873047, 86.63539123535156, 86.48619842529297, 86.63816833496094, 86.83147430419922], "val_acc_1month": [77.39820861816406, 86.21739196777344, 88.00333404541016, 88.80785369873047, 86.97830200195312, 88.94695281982422, 89.14537811279297, 89.35920715332031, 88.59928131103516, 89.8331527709961, 89.468505859375, 89.61248016357422, 89.98583221435547, 89.43585205078125, 90.14378356933594, 90.05733489990234, 89.88487243652344, 89.56765747070312, 90.139404296875, 90.05332946777344, 90.16197204589844, 90.19139099121094, 90.30945587158203], "val_acc_2month": [79.94432067871094, 82.8013916015625, 86.22176361083984, 87.15199279785156, 85.58069610595703, 87.5275650024414, 87.3775634765625, 86.57018280029297, 86.47486114501953, 87.7510986328125, 87.18619537353516, 87.40828704833984, 87.97303009033203, 87.64332580566406, 88.02072143554688, 87.6927261352539, 87.73661041259766, 87.66959381103516, 87.88034057617188, 87.71177673339844, 87.99208068847656, 87.92115020751953, 88.20889282226562], "val_acc_3month": [78.41883850097656, 81.67430114746094, 85.34303283691406, 86.33917236328125, 86.18952941894531, 86.62236785888672, 85.89141082763672, 85.5579833984375, 86.31050872802734, 86.94876098632812, 86.04454803466797, 85.7609634399414, 87.31002044677734, 86.86282348632812, 86.93107604980469, 86.70990753173828, 87.02737426757812, 86.99061584472656, 87.08325958251953, 87.03985595703125, 86.9939956665039, 87.08609008789062, 87.25912475585938], "val_acc_4month": [78.6440658569336, 80.23294067382812, 85.01956176757812, 85.89041137695312, 85.96450805664062, 86.3460922241211, 85.67153930664062, 85.59342193603516, 85.89767456054688, 86.3366470336914, 85.9559555053711, 85.361083984375, 86.96504211425781, 86.17321014404297, 86.57150268554688, 86.31245422363281, 86.53076171875, 86.71649932861328, 86.64129638671875, 86.57189178466797, 86.32239532470703, 86.52188110351562, 86.7439956665039], "val_acc_5month": [77.48269653320312, 80.6773910522461, 83.9502182006836, 85.14311218261719, 85.40486145019531, 85.86930847167969, 86.03667449951172, 85.90802001953125, 86.10999298095703, 86.0822982788086, 85.96189880371094, 85.37272644042969, 86.73776245117188, 85.7458267211914, 86.14768981933594, 86.04948425292969, 86.03752136230469, 86.1711196899414, 86.05375671386719, 86.2041015625, 85.53514862060547, 85.93492889404297, 86.14932250976562], "val_acc_6month": [76.40204620361328, 79.79122924804688, 82.06471252441406, 85.20280456542969, 85.4287109375, 85.77849578857422, 85.76516723632812, 84.57038879394531, 85.67957305908203, 85.840576171875, 85.96626281738281, 85.8780288696289, 86.2392807006836, 85.2780532836914, 85.80486297607422, 85.83309936523438, 85.8674545288086, 85.74368286132812, 86.051513671875, 85.85148620605469, 85.80300903320312, 85.97694396972656, 86.16527557373047], "lr": ["0.0005", "0.0005", "0.0005", "0.00045241872", "0.0004093654", "0.00037040914", "0.00033516003", "0.00030326535", "0.00027440584", "0.00024829266", "0.00022466449", "0.00020328483", "0.00018393972", "0.00016643554", "0.0001505971", "0.0001362659", "0.00012329848", "0.00011156508", "0.00010094826", "9.134176e-05", "8.264944e-05", "7.478431e-05", "6.766764e-05"]}