{"loss": [0.012785831466317177, 0.008245818316936493, 0.007768705021589994, 0.007011971902102232, 0.006586532574146986, 0.006507080513983965, 0.006150181870907545, 0.006066789850592613, 0.005884893238544464, 0.005803992506116629, 0.005713933147490025, 0.005473136901855469, 0.005429770797491074, 0.005215741693973541, 0.005102594383060932, 0.004989012610167265, 0.004852264653891325, 0.004729670938104391, 0.0046045114286243916, 0.004448152147233486, 0.0043238867074251175, 0.0042013851925730705, 0.004088376648724079, 0.003976335283368826, 0.003891679225489497, 0.0037865980993956327], "acc_mean": [77.21100616455078, 83.58601379394531, 84.30607604980469, 85.33622741699219, 85.9696044921875, 86.06239318847656, 86.64254760742188, 86.72544860839844, 86.99295043945312, 87.14813995361328, 87.25843811035156, 87.66140747070312, 87.66020202636719, 88.09468078613281, 88.23271179199219, 88.4412841796875, 88.66043090820312, 88.88386535644531, 89.1152114868164, 89.3785629272461, 89.61460876464844, 89.82703399658203, 90.03841400146484, 90.24888610839844, 90.41265869140625, 90.5984878540039], "acc_1month": [79.53836059570312, 86.35469818115234, 86.88375091552734, 88.02568817138672, 88.6764144897461, 88.80748748779297, 89.15153503417969, 89.19268035888672, 89.47865295410156, 89.63748931884766, 89.6857681274414, 90.05458068847656, 90.02169036865234, 90.37860870361328, 90.36634826660156, 90.48760986328125, 90.5773696899414, 90.74374389648438, 90.85297393798828, 91.0320053100586, 91.1838150024414, 91.23971557617188, 91.39419555664062, 91.5198974609375, 91.59217834472656, 91.72443389892578], "acc_2month": [79.35137176513672, 85.13444519042969, 85.51860809326172, 86.489501953125, 86.97789001464844, 87.18573760986328, 87.48137664794922, 87.65461730957031, 87.90460968017578, 88.00074005126953, 88.09278106689453, 88.46348571777344, 88.50421142578125, 88.79344177246094, 89.0110855102539, 89.20053100585938, 89.26213073730469, 89.44801330566406, 89.67272186279297, 89.89051055908203, 90.06578063964844, 90.23401641845703, 90.46556091308594, 90.63705444335938, 90.78595733642578, 90.92149353027344], "acc_3month": [79.12686157226562, 84.54903411865234, 84.73109436035156, 85.72477722167969, 86.44658660888672, 86.64112854003906, 87.05030822753906, 87.16063690185547, 87.41279602050781, 87.45471954345703, 87.51976776123047, 87.98596954345703, 87.94477081298828, 88.41407012939453, 88.59764099121094, 88.79131317138672, 89.00855255126953, 89.26560974121094, 89.47328186035156, 89.70654296875, 89.92650604248047, 90.16104125976562, 90.38790130615234, 90.57452392578125, 90.73574829101562, 90.95013427734375], "acc_4month": [78.26055145263672, 83.97367095947266, 84.56989288330078, 85.76985168457031, 86.22476196289062, 86.3531723022461, 86.8869400024414, 86.81697082519531, 87.16899871826172, 87.25230407714844, 87.43013763427734, 87.75758361816406, 87.8104248046875, 88.23929595947266, 88.40096282958984, 88.60599517822266, 88.92576599121094, 89.22283935546875, 89.40509033203125, 89.68327331542969, 89.9660873413086, 90.14799499511719, 90.40571594238281, 90.58872985839844, 90.81573486328125, 90.98131561279297], "acc_5month": [78.05705261230469, 83.8901596069336, 84.66291809082031, 85.50146484375, 86.00980377197266, 86.00360870361328, 86.6392822265625, 86.80005645751953, 86.95121765136719, 87.17119598388672, 87.34742736816406, 87.70085144042969, 87.6711196899414, 88.12621307373047, 88.25675201416016, 88.49393463134766, 88.74458312988281, 88.93193054199219, 89.26346588134766, 89.56319427490234, 89.83013153076172, 90.04605102539062, 90.26339721679688, 90.4499740600586, 90.7255630493164, 90.91854095458984], "acc_6month": [76.43071746826172, 83.11602783203125, 84.38495635986328, 85.03277587890625, 85.71528625488281, 85.49885559082031, 86.43292999267578, 86.53290557861328, 86.69277954101562, 86.86400604248047, 86.98054504394531, 87.28094482421875, 87.29678344726562, 87.68023681640625, 87.82882690429688, 88.00096130371094, 88.32767486572266, 88.38385009765625, 88.70198059082031, 88.9767074584961, 89.17267608642578, 89.51948547363281, 89.66700744628906, 89.96478271484375, 90.07308959960938, 90.28728485107422], "val_loss": [0.009843934327363968, 0.008286708034574986, 0.007635359186679125, 0.0092386519536376, 0.007299021817743778, 0.0075545418076217175, 0.006772936787456274, 0.006646934896707535, 0.006448767613619566, 0.006445752922445536, 0.006489244289696217, 0.006399259902536869, 0.006543474737554789, 0.006773850414901972, 0.006598364561796188, 0.006291633937507868, 0.0065235053189098835, 0.007002268452197313, 0.006865878589451313, 0.006730917375534773, 0.00690208887681365, 0.007343432866036892, 0.007246987894177437, 0.0076696546748280525, 0.007588535081595182, 0.007548108231276274], "val_acc_mean": [81.43164825439453, 84.04747009277344, 84.79143524169922, 85.24461364746094, 84.98017883300781, 85.06180572509766, 86.00763702392578, 85.80738830566406, 86.41715240478516, 86.45018005371094, 86.2096939086914, 86.5761489868164, 86.1827621459961, 86.06767272949219, 86.25689697265625, 86.93704223632812, 86.76919555664062, 86.1675033569336, 86.43610382080078, 86.64291381835938, 86.70561218261719, 86.38170623779297, 86.55541229248047, 86.31891632080078, 86.40011596679688, 86.48277282714844], "val_acc_1month": [84.39847564697266, 87.60887908935547, 88.2039566040039, 87.39017486572266, 87.93019104003906, 86.37380981445312, 89.25330352783203, 89.06895446777344, 88.67768096923828, 89.43809509277344, 89.03044128417969, 89.44998168945312, 89.50597381591797, 89.1649398803711, 89.61417388916016, 90.10954284667969, 90.06002044677734, 89.75125122070312, 89.83150482177734, 89.70358276367188, 89.9753189086914, 89.7520751953125, 89.94705200195312, 89.61943054199219, 89.55440521240234, 89.7464828491211], "val_acc_2month": [83.45858764648438, 86.04069519042969, 86.7628173828125, 86.28250122070312, 86.0008773803711, 85.89800262451172, 87.55680847167969, 86.79266357421875, 87.03887939453125, 87.33422088623047, 87.34077453613281, 87.58142852783203, 87.59524536132812, 87.15943145751953, 87.44507598876953, 88.04615783691406, 88.14566802978516, 87.37117004394531, 87.80583953857422, 87.32634735107422, 87.82136535644531, 87.52845001220703, 87.73953247070312, 87.31224822998047, 87.42298889160156, 87.56452178955078], "val_acc_3month": [83.55850982666016, 85.04043579101562, 84.57904052734375, 85.1366195678711, 85.39149475097656, 85.6494140625, 86.22550964355469, 86.0519790649414, 86.86753845214844, 86.79939270019531, 86.61898040771484, 87.0250473022461, 86.56149291992188, 85.81102752685547, 86.4223861694336, 87.04617309570312, 87.14840698242188, 86.67221069335938, 86.8812255859375, 86.76702117919922, 87.19491577148438, 86.87141418457031, 86.99311065673828, 86.69805145263672, 86.65130615234375, 87.13758850097656], "val_acc_4month": [83.03614044189453, 84.34221649169922, 84.98491668701172, 85.67634582519531, 85.33275604248047, 86.14437866210938, 85.81838989257812, 85.73585510253906, 86.78997802734375, 86.53813934326172, 86.17281341552734, 86.54367065429688, 86.24494934082031, 86.18745422363281, 86.38241577148438, 86.98186492919922, 86.67302703857422, 86.37218475341797, 86.33474731445312, 86.56116485595703, 86.66732788085938, 86.37950134277344, 86.5508804321289, 86.28009796142578, 86.44052124023438, 86.55429077148438], "val_acc_5month": [81.99922180175781, 84.41567993164062, 84.43433380126953, 85.71009826660156, 84.94928741455078, 85.75656127929688, 85.88156127929688, 85.06372833251953, 86.64192199707031, 86.48405456542969, 86.14078521728516, 86.37724304199219, 85.85594177246094, 86.37062072753906, 85.8877944946289, 86.62809753417969, 86.37763977050781, 85.60352325439453, 85.80813598632812, 86.55157470703125, 86.28162384033203, 86.04554748535156, 85.97246551513672, 86.08797454833984, 86.09449005126953, 85.97307586669922],