{"loss": [0.014142909087240696, 0.008225765079259872, 0.007619407959282398, 0.006923324428498745, 0.0066460128873586655, 0.006293966434895992, 0.00623960979282856, 0.006069681141525507, 0.005993572995066643, 0.0057252938859164715, 0.00561348395422101, 0.005369266495108604, 0.00517445569857955, 0.00509755639359355, 0.0050104157999157906, 0.004817403387278318, 0.004685984458774328, 0.004515499342232943, 0.004384977743029594, 0.004244654905050993, 0.004114446230232716, 0.004022672772407532, 0.003918773494660854, 0.00378744350746274, 0.0036942544393241405, 0.003608047729358077, 0.0035091827157884836, 0.0034292491618543863, 0.003342441515997052], "acc_mean": [75.30399322509766, 83.54373168945312, 84.38353729248047, 85.48926544189453, 85.80660247802734, 86.39032745361328, 86.45932006835938, 86.67438507080078, 86.7545394897461, 87.24405670166016, 87.39102935791016, 87.7975082397461, 88.13162994384766, 88.23177337646484, 88.36897277832031, 88.70069122314453, 88.93708801269531, 89.24419403076172, 89.45974731445312, 89.70802307128906, 89.96209716796875, 90.11643981933594, 90.31689453125, 90.58628845214844, 90.76520538330078, 90.94075012207031, 91.13288116455078, 91.2984848022461, 91.4715347290039], "acc_1month": [76.72595977783203, 85.86031341552734, 86.97462463378906, 88.04688262939453, 88.21232604980469, 88.94259643554688, 88.86979675292969, 89.083984375, 89.00782775878906, 89.6246337890625, 89.81103515625, 89.99557495117188, 90.28179168701172, 90.22537994384766, 90.45588684082031, 90.59650421142578, 90.69995880126953, 90.88385009765625, 90.89674377441406, 91.19268798828125, 91.27176666259766, 91.3404769897461, 91.46833801269531, 91.59517669677734, 91.72040557861328, 91.81486511230469, 91.96056365966797, 92.02944946289062, 92.14934539794922], "acc_2month": [77.71265411376953, 85.12681579589844, 85.47891235351562, 86.49140167236328, 86.58871459960938, 87.35082244873047, 87.39453887939453, 87.72965240478516, 87.6585693359375, 88.03312683105469, 88.27835845947266, 88.49527740478516, 88.86085510253906, 88.92144012451172, 89.05546569824219, 89.3595962524414, 89.5253677368164, 89.80717468261719, 89.97018432617188, 90.20787048339844, 90.44683837890625, 90.58610534667969, 90.73084259033203, 91.01581573486328, 91.20133972167969, 91.32101440429688, 91.47953033447266, 91.64620971679688, 91.81338500976562], "acc_3month": [76.88402557373047, 84.6704330444336, 84.8345718383789, 85.77789306640625, 86.3606185913086, 86.78643035888672, 86.86770629882812, 87.14400482177734, 87.12737274169922, 87.59330749511719, 87.79048156738281, 88.14222717285156, 88.48155975341797, 88.61480712890625, 88.8259506225586, 89.13957977294922, 89.33395385742188, 89.61380004882812, 89.9220199584961, 90.11283111572266, 90.39456939697266, 90.52444458007812, 90.70549774169922, 91.04344940185547, 91.12203979492188, 91.31038665771484, 91.53382873535156, 91.70083618164062, 91.87883758544922], "acc_4month": [77.3072509765625, 84.3216552734375, 84.76949310302734, 85.95974731445312, 86.15562438964844, 86.6288070678711, 86.81117248535156, 86.81787872314453, 87.1103515625, 87.5197982788086, 87.56035614013672, 87.9970932006836, 88.28572082519531, 88.50704956054688, 88.60626220703125, 88.88703918457031, 89.197998046875, 89.52823638916016, 89.82721710205078, 90.04747009277344, 90.35537719726562, 90.54098510742188, 90.72386932373047, 91.03384399414062, 91.20454406738281, 91.37483978271484, 91.56482696533203, 91.74263763427734, 91.8956527709961], "acc_5month": [76.51519775390625, 83.9621353149414, 84.97471618652344, 85.74928283691406, 86.04935455322266, 86.32554626464844, 86.62030029296875, 86.76335906982422, 86.86483764648438, 87.27183532714844, 87.34685516357422, 87.8579330444336, 88.1542739868164, 88.25862884521484, 88.43028259277344, 88.81172180175781, 89.10699462890625, 89.46813201904297, 89.75218200683594, 89.93482971191406, 90.19475555419922, 90.43228149414062, 90.72010040283203, 91.00067138671875, 91.18596649169922, 91.38172149658203, 91.57379913330078, 91.7550277709961, 91.93779754638672], "acc_6month": [74.98778533935547, 82.84771728515625, 84.40291595458984, 85.33082580566406, 85.71912384033203, 86.17977142333984, 86.08563232421875, 86.36323547363281, 86.4232177734375, 86.9449691772461, 87.06249237060547, 87.50496673583984, 87.71465301513672, 87.90657043457031, 87.96049499511719, 88.33028411865234, 88.59956359863281, 88.87224578857422, 89.05188751220703, 89.32880401611328, 89.56208038330078, 89.75657653808594, 89.9814453125, 90.22443389892578, 90.465576171875, 90.72470092773438, 90.90740203857422, 91.09900665283203, 91.27476501464844], "val_loss": [0.014640659093856812, 0.008846820332109928, 0.007379558868706226, 0.006792972795665264, 0.006685764994472265, 0.007093310356140137, 0.006810854654759169, 0.007436599116772413, 0.006757592316716909, 0.006601259112358093, 0.006163375917822123, 0.0063419765792787075, 0.006428800988942385, 0.006258965469896793, 0.006378530524671078, 0.006181618664413691, 0.006521472707390785, 0.00657202722504735, 0.006491182837635279, 0.006901800166815519, 0.007036828435957432, 0.007103064097464085, 0.007098135072737932, 0.007196713238954544, 0.007301466539502144, 0.0074031781405210495, 0.007620606571435928, 0.007346832659095526, 0.007546034641563892], "val_acc_mean": [80.06956481933594, 83.05115509033203, 84.85887908935547, 85.91742706298828, 86.04633331298828, 85.95610046386719, 85.87957763671875, 85.06826782226562, 85.76457214355469, 86.20064544677734, 86.73748016357422, 86.4826431274414, 86.444091796875, 86.6956787109375, 86.63042449951172, 86.92078399658203, 86.73412322998047, 86.66109466552734, 87.01154327392578, 86.65301513671875, 86.58952331542969, 86.61902618408203, 86.63352966308594, 86.80025482177734, 86.7718734741211, 86.73111724853516, 86.62930297851562, 86.95844268798828, 86.94085693359375], "val_acc_1month": [83.48570251464844, 85.26708984375, 87.36552429199219, 88.74008178710938, 88.78412628173828, 88.8176040649414, 89.12708282470703, 88.48110961914062, 88.94585418701172, 89.5262451171875, 89.6434326171875, 89.60782623291016, 90.00468444824219, 90.00523376464844, 89.96550750732422, 90.33125305175781, 89.8549575805664, 90.12159729003906, 90.39409637451172, 89.9209213256836, 89.93637084960938, 90.05596160888672, 89.99635314941406, 90.11737823486328, 90.00840759277344, 90.2317123413086, 89.89472961425781, 90.27066802978516, 90.22787475585938], "val_acc_2month": [83.88845825195312, 85.82746124267578, 86.29054260253906, 86.97290802001953, 87.35530853271484, 86.75025939941406, 87.01437377929688, 85.4440689086914, 87.11933898925781, 87.71810913085938, 87.66012573242188, 87.71937561035156, 87.39446258544922, 87.70775604248047, 87.72268676757812, 87.97522735595703, 87.78094482421875, 87.90694427490234, 87.85826110839844, 87.88976287841797, 87.39661407470703, 87.76056671142578, 87.6825942993164, 87.92093658447266, 87.88166809082031, 87.9238510131836, 87.57013702392578, 88.10034942626953, 88.02704620361328], "val_acc_3month": [81.69770050048828, 85.35795593261719, 85.21363067626953, 86.44207000732422, 86.39117431640625, 86.22218322753906, 86.31383514404297, 85.58238220214844, 86.13525390625, 86.77655792236328, 87.19879913330078, 87.15838623046875, 86.8603286743164, 86.99898529052734, 87.02288055419922, 87.1908187866211, 87.14712524414062, 87.28218841552734, 87.00270080566406, 87.14691162109375, 86.73014831542969, 86.65946197509766, 86.8226318359375, 87.00874328613281, 86.99421691894531, 86.95624542236328, 86.8984146118164, 87.14574432373047, 87.15522003173828],