{"loss": [0.012915161438286304, 0.008265867829322815, 0.00749661959707737, 0.006784203927963972, 0.006764634046703577, 0.006397300865501165, 0.0061666881665587425, 0.006205574609339237, 0.005990318488329649, 0.0056769950315356255, 0.0055742100812494755, 0.0054673259146511555, 0.005374641623347998, 0.005237853620201349, 0.005097826477140188, 0.0049499706365168095, 0.004830425139516592, 0.004679438658058643, 0.004539221990853548, 0.0044611981138587, 0.0043121096678078175, 0.00425525289028883, 0.004135790280997753, 0.004015482496470213, 0.003922192379832268, 0.0038299639709293842, 0.003738979110494256, 0.0036678046453744173, 0.003592886496335268, 0.0035215781535953283, 0.0034606833942234516, 0.003392226528376341, 0.0033336523920297623], "acc_mean": [77.09727478027344, 83.42141723632812, 84.62469482421875, 85.6805191040039, 85.68212127685547, 86.25568389892578, 86.62154388427734, 86.47884368896484, 86.88014221191406, 87.3393325805664, 87.47764587402344, 87.65355682373047, 87.84054565429688, 87.98786163330078, 88.26748657226562, 88.48444366455078, 88.71129608154297, 88.9333724975586, 89.20732116699219, 89.30674743652344, 89.59813690185547, 89.70880126953125, 89.93936157226562, 90.14067077636719, 90.31231689453125, 90.48896026611328, 90.66416931152344, 90.81593322753906, 90.96054077148438, 91.10331726074219, 91.2105712890625, 91.35626220703125, 91.48053741455078], "acc_1month": [78.21812438964844, 86.04412078857422, 87.32949829101562, 88.15745544433594, 88.1329116821289, 88.6512451171875, 89.05462646484375, 88.86720275878906, 89.25798797607422, 89.67334747314453, 89.78007507324219, 89.98358917236328, 90.06549835205078, 90.23406219482422, 90.36329650878906, 90.52845001220703, 90.50493621826172, 90.6248779296875, 90.92520141601562, 90.99079132080078, 91.14110565185547, 91.19100952148438, 91.36710357666016, 91.47673034667969, 91.59815216064453, 91.66015625, 91.76493835449219, 91.8291244506836, 91.95792388916016, 92.08379364013672, 92.07918548583984, 92.21908569335938, 92.30571746826172], "acc_2month": [79.78179168701172, 85.12012481689453, 85.88111114501953, 86.73080444335938, 86.72993469238281, 87.35800170898438, 87.59317016601562, 87.3665542602539, 87.68864440917969, 88.2273178100586, 88.10791015625, 88.52052307128906, 88.55906677246094, 88.82061767578125, 88.97842407226562, 89.07778930664062, 89.31499481201172, 89.53577423095703, 89.82527923583984, 89.86891174316406, 90.14484405517578, 90.26622009277344, 90.4173812866211, 90.659423828125, 90.76656341552734, 90.9323959350586, 91.12948608398438, 91.22969818115234, 91.38174438476562, 91.48777770996094, 91.6125259399414, 91.76907348632812, 91.8673324584961], "acc_3month": [79.10843658447266, 84.30028533935547, 85.17302703857422, 86.23825073242188, 86.25159454345703, 86.84854125976562, 87.21395874023438, 86.82299041748047, 87.34680938720703, 87.74530792236328, 87.80429077148438, 88.089599609375, 88.17806243896484, 88.44462585449219, 88.6973648071289, 88.85693359375, 89.1668472290039, 89.35034942626953, 89.617919921875, 89.67398071289062, 89.99533081054688, 90.12380981445312, 90.29900360107422, 90.56056213378906, 90.69212341308594, 90.90882873535156, 91.06903076171875, 91.21590423583984, 91.32250213623047, 91.46128845214844, 91.61022186279297, 91.68779754638672, 91.8232421875], "acc_4month": [79.13138580322266, 83.8381118774414, 85.06246948242188, 86.1235122680664, 86.1573486328125, 86.59061431884766, 86.79105377197266, 86.67952728271484, 87.15937042236328, 87.60173034667969, 87.75074768066406, 87.86022186279297, 88.09358215332031, 88.17456817626953, 88.52510833740234, 88.7815170288086, 89.06947326660156, 89.3075180053711, 89.50262451171875, 89.7044906616211, 89.98973083496094, 90.04497528076172, 90.35538482666016, 90.5589828491211, 90.67180633544922, 90.89563751220703, 91.08128356933594, 91.20795440673828, 91.3939208984375, 91.5169677734375, 91.63043975830078, 91.73082733154297, 91.85227966308594], "acc_5month": [78.18941497802734, 83.48734283447266, 84.65606689453125, 85.75076293945312, 85.81010437011719, 86.13818359375, 86.54361724853516, 86.74693298339844, 86.84088897705078, 87.29010009765625, 87.58856201171875, 87.58880615234375, 87.87530517578125, 87.80784606933594, 88.26560974121094, 88.50801849365234, 88.79756927490234, 89.02971649169922, 89.25790405273438, 89.42916107177734, 89.76029968261719, 89.85408782958984, 90.1788330078125, 90.29621124267578, 90.57386779785156, 90.73091888427734, 90.91609954833984, 91.14701843261719, 91.29147338867188, 91.4182357788086, 91.53115844726562, 91.69536590576172, 91.83084106445312], "acc_6month": [76.29379272460938, 83.22595977783203, 84.37115478515625, 85.36764526367188, 85.18839263916016, 85.93486785888672, 86.29143524169922, 86.3306884765625, 86.60301208496094, 86.97801971435547, 87.17424011230469, 87.16987609863281, 87.47589874267578, 87.59494018554688, 87.79933166503906, 88.11871337890625, 88.30767822265625, 88.56739807128906, 88.7853775024414, 88.88038635253906, 89.14046478271484, 89.29629516601562, 89.50149536132812, 89.70220184326172, 89.9326171875, 90.09349822998047, 90.30166625976562, 90.4594955444336, 90.56364440917969, 90.77122497558594, 90.90264892578125, 91.0830307006836, 91.21971130371094], "val_loss": [0.014682519249618053, 0.007779404055327177, 0.007470734883099794, 0.0073537579737603664, 0.007755956146866083, 0.006384821608662605, 0.006571819540113211, 0.007189941126853228, 0.006785879842936993, 0.006501432508230209, 0.006697568576782942, 0.007579341530799866, 0.006537902634590864, 0.006415206473320723, 0.006919716950505972, 0.0063730389811098576, 0.006425911094993353, 0.006724152714014053, 0.006850074045360088, 0.006573082879185677, 0.0070594726130366325, 0.007798513863235712, 0.006641622167080641, 0.006987655069679022, 0.006968837231397629, 0.007270417176187038, 0.007317944895476103, 0.007078275550156832, 0.007657967042177916, 0.00764537462964654, 0.007600678130984306, 0.007504408713430166, 0.007781033404171467], "val_acc_mean": [78.89739227294922, 84.27711486816406, 84.75577545166016, 84.82365417480469, 84.41449737548828, 86.38562774658203, 86.1473388671875, 85.15666198730469, 85.74090576171875, 86.41648864746094, 85.98802185058594, 85.35137176513672, 86.32437896728516, 86.53658294677734, 86.01681518554688, 86.66032409667969, 86.67485046386719, 86.37116241455078, 86.2618179321289, 86.72020721435547, 86.30709838867188, 85.83182525634766, 86.93679809570312, 86.67522430419922, 86.67354583740234, 86.34642028808594, 86.63904571533203, 86.78316497802734, 86.47531127929688, 86.61181640625, 86.5942611694336, 86.76288604736328, 86.68037414550781], "val_acc_1month": [84.46591186523438, 87.4713134765625, 86.84276580810547, 88.79092407226562, 85.61470794677734, 89.48027801513672, 89.16783905029297, 88.91106414794922, 88.78839874267578, 89.73218536376953, 88.88591766357422, 89.5269546508789, 89.8426284790039, 89.80187225341797, 89.8870620727539, 89.55237579345703, 90.22338104248047, 90.12915802001953, 89.47908020019531, 89.91741180419922, 90.19073486328125, 89.84712219238281, 90.39579772949219, 90.30967712402344, 90.22026062011719, 90.09124755859375, 89.91632080078125, 90.33870697021484, 90.29471588134766, 90.20640563964844, 90.17243194580078, 90.25055694580078, 90.25482940673828], "val_acc_2month": [83.48078155517578, 85.95103454589844, 86.32743835449219, 86.97268676757812, 85.91012573242188, 87.56369018554688, 87.3754653930664, 86.34423828125, 86.8341293334961, 87.24583435058594, 87.55675506591797, 86.51615905761719, 87.91250610351562, 87.95413970947266, 87.10535430908203, 88.02880859375, 87.89443969726562, 87.73705291748047, 87.2070083618164, 87.71904754638672, 87.75616455078125, 87.29979705810547, 88.10442352294922, 87.89031219482422, 87.3840560913086, 87.54717254638672, 87.6076431274414, 87.95088958740234, 87.76971435546875, 87.77037048339844, 87.82334899902344, 87.88651275634766, 87.90088653564453],