{"loss": [0.013674072921276093, 0.008485950529575348, 0.007369516883045435, 0.006959051359444857, 0.006702651269733906, 0.006247234530746937, 0.006085512228310108, 0.005949119571596384, 0.005821522790938616, 0.0056731607764959335, 0.00555091118440032, 0.005413990933448076, 0.005244105588644743, 0.005121274385601282, 0.0049808393232524395, 0.004828495439141989, 0.004627383779734373, 0.004573103506118059, 0.004378699231892824, 0.004264330491423607, 0.004122005309909582, 0.004026814829558134, 0.0038946743588894606, 0.0037756769452244043, 0.003700972767546773, 0.00359594589099288], "acc_mean": [75.90435791015625, 83.13836669921875, 84.786376953125, 85.4205551147461, 85.74732208251953, 86.40001678466797, 86.69290161132812, 86.84423065185547, 87.02486419677734, 87.25825500488281, 87.46180725097656, 87.70755767822266, 88.0055923461914, 88.17413330078125, 88.42342376708984, 88.65421295166016, 89.01771545410156, 89.1192398071289, 89.46906280517578, 89.6670913696289, 89.93362426757812, 90.1065673828125, 90.37059783935547, 90.5997314453125, 90.7314682006836, 90.94679260253906], "acc_1month": [76.55709075927734, 85.2745132446289, 87.3105697631836, 87.74191284179688, 88.13135528564453, 89.0712661743164, 89.14500427246094, 89.42951965332031, 89.40283966064453, 89.62732696533203, 89.79672241210938, 90.00370788574219, 90.31828308105469, 90.28034973144531, 90.52570343017578, 90.67877197265625, 90.76164245605469, 90.86479187011719, 91.06059265136719, 91.16874694824219, 91.32313537597656, 91.3901138305664, 91.59710693359375, 91.6988525390625, 91.75361633300781, 91.89248657226562], "acc_2month": [77.74612426757812, 84.68106079101562, 85.86227416992188, 86.47863006591797, 86.846435546875, 87.46041870117188, 87.65858459472656, 87.69487762451172, 87.78964233398438, 88.09647369384766, 88.25090026855469, 88.40885162353516, 88.7215805053711, 88.86077880859375, 89.06621551513672, 89.2573471069336, 89.64857482910156, 89.66455078125, 90.03084564208984, 90.0976333618164, 90.40601348876953, 90.5252914428711, 90.78495788574219, 90.92313385009766, 91.10623168945312, 91.30708312988281], "acc_3month": [78.12307739257812, 84.10137176513672, 85.42149353027344, 86.10050964355469, 86.25146484375, 86.79254913330078, 87.09974670410156, 87.23856353759766, 87.50003814697266, 87.65959167480469, 87.96178436279297, 88.13098907470703, 88.28866577148438, 88.52189636230469, 88.73902893066406, 88.96924591064453, 89.46935272216797, 89.48173522949219, 89.85917663574219, 90.05196380615234, 90.34701538085938, 90.52276611328125, 90.80095672607422, 91.03948974609375, 91.13934326171875, 91.35551452636719], "acc_4month": [77.671142578125, 83.89325714111328, 85.24171447753906, 85.77584075927734, 85.98981475830078, 86.64445495605469, 86.87638854980469, 86.99517059326172, 87.25752258300781, 87.52427673339844, 87.65129852294922, 87.95344543457031, 88.23123931884766, 88.41451263427734, 88.67164611816406, 88.94123840332031, 89.36884307861328, 89.40182495117188, 89.84178924560547, 90.02787780761719, 90.30095672607422, 90.57864379882812, 90.7950439453125, 91.04846954345703, 91.17542266845703, 91.39026641845703], "acc_5month": [77.38250732421875, 83.60958862304688, 85.1843490600586, 85.59124755859375, 85.88967895507812, 86.43118286132812, 86.6409683227539, 86.80347442626953, 86.97551727294922, 87.24343872070312, 87.40364074707031, 87.65680694580078, 88.02566528320312, 88.27928161621094, 88.49262237548828, 88.75703430175781, 89.07665252685547, 89.2366714477539, 89.63311004638672, 89.85005187988281, 90.10906982421875, 90.33335876464844, 90.5815658569336, 90.85765838623047, 91.07340240478516, 91.26368713378906], "acc_6month": [75.29729461669922, 82.6601333618164, 84.4798812866211, 85.06964111328125, 85.6499252319336, 85.87112426757812, 86.46453857421875, 86.55574798583984, 86.79608917236328, 86.91012573242188, 87.11982727050781, 87.40518188476562, 87.62933349609375, 87.78865051269531, 88.13542938232422, 88.21559143066406, 88.53941345214844, 88.7483901977539, 89.04605865478516, 89.36177825927734, 89.58570861816406, 89.79956817626953, 90.05076599121094, 90.3425521850586, 90.47843170166016, 90.72945404052734], "val_loss": [0.01917581632733345, 0.007361889351159334, 0.007219451013952494, 0.008421867154538631, 0.006683022249490023, 0.006964669097214937, 0.006658440921455622, 0.006574579514563084, 0.006459382828325033, 0.006545616779476404, 0.007627149578183889, 0.006408564746379852, 0.006435595918446779, 0.006319845095276833, 0.006692604161798954, 0.006138686556369066, 0.0064120483584702015, 0.006340666674077511, 0.006512480787932873, 0.006674106698483229, 0.006696438416838646, 0.0066502895206213, 0.007387405261397362, 0.006890818476676941, 0.007012476213276386, 0.006971731781959534], "val_acc_mean": [74.71492767333984, 84.7509765625, 84.94942474365234, 83.99012756347656, 85.94107055664062, 85.61976623535156, 85.87561798095703, 86.20773315429688, 86.30123138427734, 86.25567626953125, 85.40508270263672, 86.51702117919922, 86.39421844482422, 86.74727630615234, 86.14735412597656, 87.08699798583984, 86.66641998291016, 86.91429138183594, 86.73701477050781, 86.89197540283203, 86.90560150146484, 86.96080017089844, 86.44922637939453, 86.84276580810547, 86.7942886352539, 86.99405670166016], "val_acc_1month": [80.41067504882812, 87.35078430175781, 88.36030578613281, 86.98536682128906, 88.32518768310547, 88.70430755615234, 89.01575469970703, 88.90848541259766, 89.26065063476562, 89.09037780761719, 89.73985290527344, 89.56952667236328, 89.94776153564453, 90.3208999633789, 89.45995330810547, 90.05847930908203, 90.10242462158203, 90.00057220458984, 90.01119995117188, 90.35597229003906, 90.03793334960938, 90.26858520507812, 89.94743347167969, 90.07858276367188, 90.20037841796875, 90.34166717529297], "val_acc_2month": [79.76963806152344, 86.01150512695312, 86.79635620117188, 85.0852279663086, 86.63824462890625, 87.2955093383789, 87.29837036132812, 87.06245422363281, 87.45377349853516, 87.67630767822266, 86.69183349609375, 87.83667755126953, 87.77433776855469, 88.1952896118164, 87.36637878417969, 88.39501953125, 87.95655822753906, 88.23983764648438, 88.20696258544922, 88.35031127929688, 88.02247619628906, 87.97671508789062, 87.61964416503906, 87.8228530883789, 87.9372329711914, 88.14732360839844], "val_acc_3month": [78.95030975341797, 85.94331359863281, 85.32151794433594, 84.67340087890625, 86.59220886230469, 86.35713195800781, 86.22618103027344, 86.55046081542969, 87.12794494628906, 86.93434143066406, 85.70823669433594, 87.10942840576172, 86.30767822265625, 86.92098236083984, 86.536376953125, 87.59864807128906, 87.02759552001953, 87.28878784179688, 87.18116760253906, 87.22003936767578, 87.33607482910156, 87.05825805664062, 86.43009948730469, 86.73896026611328, 86.9615707397461, 87.35027313232422], "val_acc_4month": [77.79981994628906, 85.08091735839844, 84.8956298828125, 83.6553726196289, 86.52238464355469, 86.09894561767578, 86.08647918701172, 86.7016372680664, 86.41582489013672, 86.58821105957031, 85.34158325195312, 86.5311050415039, 85.74211120605469, 86.67247009277344, 86.11715698242188, 87.22409057617188, 86.88899230957031, 87.23286437988281, 86.96593475341797, 87.06741333007812, 87.13664245605469, 87.11172485351562, 86.47114562988281, 86.96141052246094, 86.96040344238281, 87.15977478027344], "val_acc_5month": [72.53319549560547, 85.1328353881836, 84.28421783447266, 84.73304748535156, 86.25106048583984, 85.76049041748047, 85.76936340332031, 86.39701843261719, 85.9422378540039, 85.98285675048828, 85.32278442382812, 86.16656494140625, 86.32437896728516, 86.13729858398438, 85.5799789428711, 86.5676498413086, 86.13948822021484, 86.52107238769531, 86.04566192626953, 86.3580322265625, 86.4578628540039, 86.73096466064453, 86.25067138671875, 86.70001220703125, 86.48573303222656, 86.49932861328125],