{"loss": [0.01324460655450821, 0.008279399015009403, 0.007350422441959381, 0.006953186355531216, 0.006620693486183882, 0.00643039308488369, 0.0062188999727368355, 0.005984827410429716, 0.005776417441666126, 0.005698539782315493, 0.005531853064894676, 0.005307456944137812, 0.00519948685541749, 0.005145128350704908, 0.004954029340296984, 0.004747429862618446, 0.004640854429453611, 0.0044743833132088184, 0.004344145301729441, 0.004227922298014164, 0.00408671610057354, 0.004009728319942951, 0.0038827857933938503], "acc_mean": [76.68041229248047, 83.3556900024414, 84.78131866455078, 85.39306640625, 85.86045837402344, 86.129150390625, 86.45071411132812, 86.79328155517578, 87.13606262207031, 87.2085189819336, 87.51104736328125, 87.8583755493164, 88.01172637939453, 88.12700653076172, 88.42851257324219, 88.8109359741211, 88.99349975585938, 89.27635955810547, 89.53346252441406, 89.73013305664062, 90.00768280029297, 90.12909698486328, 90.37765502929688], "acc_1month": [77.37688446044922, 85.6521987915039, 87.28833770751953, 87.98902893066406, 88.43379974365234, 88.73260498046875, 88.93916320800781, 89.14124298095703, 89.45659637451172, 89.41017150878906, 89.86434173583984, 90.04934692382812, 90.21521759033203, 90.24907684326172, 90.44954681396484, 90.64637756347656, 90.76964569091797, 90.87727355957031, 91.0147705078125, 91.18536376953125, 91.3341293334961, 91.35743713378906, 91.50928497314453], "acc_2month": [78.121826171875, 84.68890380859375, 85.97181701660156, 86.607421875, 86.81143951416016, 87.11509704589844, 87.52819061279297, 87.70618438720703, 87.99637603759766, 87.99562072753906, 88.3230209350586, 88.65116882324219, 88.61866760253906, 88.77275085449219, 89.12635040283203, 89.3906478881836, 89.5468978881836, 89.74795532226562, 89.93395233154297, 90.16476440429688, 90.48190307617188, 90.46653747558594, 90.73443603515625], "acc_3month": [78.93058013916016, 84.27994537353516, 85.41294860839844, 86.11666870117188, 86.40718078613281, 86.59561157226562, 86.9950180053711, 87.28578186035156, 87.57733917236328, 87.73338317871094, 87.89686584472656, 88.25360107421875, 88.40348815917969, 88.45327758789062, 88.80889129638672, 89.18022155761719, 89.38359069824219, 89.65798950195312, 89.94206237792969, 90.03417205810547, 90.38082122802734, 90.5018310546875, 90.76224517822266], "acc_4month": [79.08541107177734, 84.21817779541016, 85.06947326660156, 85.56737518310547, 86.18441009521484, 86.40115356445312, 86.65181732177734, 86.92601776123047, 87.31401062011719, 87.48851013183594, 87.67658233642578, 88.0783920288086, 88.27262878417969, 88.41243743896484, 88.61833953857422, 89.08906555175781, 89.269287109375, 89.62629699707031, 89.91341400146484, 90.10317993164062, 90.40863037109375, 90.5440902709961, 90.77518463134766], "acc_5month": [77.8645248413086, 84.01962280273438, 85.0265884399414, 85.3235855102539, 85.922607421875, 86.1472396850586, 86.34794616699219, 86.83682250976562, 87.14105224609375, 87.14480590820312, 87.465576171875, 87.8980484008789, 88.01276397705078, 88.19074249267578, 88.466064453125, 88.95844268798828, 89.12078094482422, 89.53007507324219, 89.79681396484375, 89.99034118652344, 90.24649047851562, 90.45907592773438, 90.68573760986328], "acc_6month": [76.0919189453125, 82.79012298583984, 84.68064880371094, 85.1925048828125, 85.54959869384766, 85.9219741821289, 86.07746887207031, 86.5758285522461, 86.8880386352539, 86.99064636230469, 87.19334411621094, 87.42919921875, 87.7079849243164, 87.80134582519531, 88.01647186279297, 88.42233276367188, 88.69926452636719, 88.91158294677734, 89.20182037353516, 89.46735382080078, 89.66867065429688, 89.89046478271484, 90.16902923583984], "val_loss": [0.014827764593064785, 0.009474479593336582, 0.008220094256103039, 0.006915492471307516, 0.00665755569934845, 0.007546321488916874, 0.006545322481542826, 0.006510717328637838, 0.0064879171550273895, 0.006570175755769014, 0.006420642137527466, 0.006335590034723282, 0.0061094616539776325, 0.0063177128322422504, 0.0063749984838068485, 0.006712157279253006, 0.006437018979340792, 0.006846897769719362, 0.0065196421928703785, 0.00663494598120451, 0.006831692531704903, 0.006710147485136986, 0.006949016824364662], "val_acc_mean": [79.35921478271484, 82.81100463867188, 82.87206268310547, 85.31306457519531, 85.7937240600586, 84.47441864013672, 86.01322174072266, 86.12137603759766, 86.14883422851562, 85.96238708496094, 86.4231948852539, 86.58627319335938, 86.93101501464844, 86.65823364257812, 86.76969146728516, 86.30465698242188, 86.77507781982422, 86.28035736083984, 86.77684020996094, 86.87683868408203, 86.72274017333984, 86.77716064453125, 86.72355651855469], "val_acc_1month": [82.44139099121094, 86.15827941894531, 86.70629119873047, 88.91161346435547, 88.72270965576172, 88.23210906982422, 88.43317413330078, 88.7455062866211, 89.08204650878906, 88.59090423583984, 89.2576904296875, 90.1270751953125, 89.70478820800781, 89.9007568359375, 90.10406494140625, 89.77989959716797, 90.22283935546875, 89.26459503173828, 90.04423522949219, 89.88837432861328, 90.12126922607422, 90.06034851074219, 89.78384399414062], "val_acc_2month": [82.10250091552734, 83.45963287353516, 84.46559143066406, 86.90599822998047, 87.09483337402344, 85.76991271972656, 87.10783386230469, 86.78242492675781, 87.58753967285156, 86.77735900878906, 87.8386001586914, 88.01025390625, 88.14720916748047, 88.13724517822266, 88.11135864257812, 87.10336303710938, 88.27816772460938, 87.24285888671875, 88.10832977294922, 88.20333099365234, 88.20101928710938, 88.07347106933594, 87.92082214355469], "val_acc_3month": [81.37158966064453, 84.19105529785156, 81.61968994140625, 85.21729278564453, 87.00298309326172, 85.62601470947266, 86.37049102783203, 86.45980834960938, 86.80349731445312, 86.32120513916016, 86.92802429199219, 86.81159210205078, 87.5766372680664, 87.20185089111328, 87.2229232788086, 86.38380432128906, 87.10128021240234, 86.23908996582031, 87.20462036132812, 87.14679718017578, 87.09357452392578, 86.92015075683594, 87.10870361328125], "val_acc_4month": [81.52677917480469, 83.63961791992188, 83.5191421508789, 85.08097076416016, 85.66667938232422, 85.19574737548828, 86.23304748535156, 85.93707275390625, 86.03826141357422, 86.02227783203125, 86.4305191040039, 86.42582702636719, 86.93274688720703, 86.520263671875, 86.3921890258789, 85.92879486083984, 86.49651336669922, 86.29691314697266, 86.39783477783203, 86.64833068847656, 86.31954956054688, 86.58960723876953, 86.40107727050781], "val_acc_5month": [80.8499755859375, 83.0253677368164, 83.00716400146484, 85.60604858398438, 85.30952453613281, 83.82583618164062, 86.12482452392578, 86.02184295654297, 85.68807220458984, 85.81571960449219, 86.19842529296875, 85.78015899658203, 86.57039642333984, 85.77566528320312, 86.31590270996094, 86.21932220458984, 86.29077911376953, 86.3455581665039, 86.29039001464844, 86.48690795898438, 85.9535903930664, 86.48910522460938, 86.41399383544922], "val_acc_6month": [76.73788452148438, 82.0684814453125, 84.13450622558594, 84.21385955810547, 84.9927749633789, 83.04624938964844, 85.7530746459961, 86.14390563964844, 85.56704711914062, 85.97981262207031, 85.41313171386719, 85.7657241821289, 85.99988555908203, 85.79918670654297, 86.06180572509766, 86.26453399658203, 85.89056396484375, 86.18462371826172, 86.06641387939453, 86.20447540283203, 85.74542236328125, 86.10380554199219, 86.14396667480469], "lr": ["0.0005", "0.0005", "0.0005", "0.00045241872", "0.0004093654", "0.00037040914", "0.00033516003", "0.00030326535", "0.00027440584", "0.00024829266", "0.00022466449", "0.00020328483", "0.00018393972", "0.00016643554", "0.0001505971", "0.0001362659", "0.00012329848", "0.00011156508", "0.00010094826", "9.134176e-05", "8.264944e-05", "7.478431e-05", "6.766764e-05"]}