{"loss": [0.013004766777157784, 0.008254875428974628, 0.007724443916231394, 0.006992391776293516, 0.006538625806570053, 0.0063914405182003975, 0.0061715226620435715, 0.005965859163552523, 0.005859858822077513, 0.005680926609784365, 0.005565041210502386, 0.005419120658189058, 0.005266904830932617, 0.005164767149835825, 0.005022647324949503, 0.004878330510109663, 0.004782692063599825, 0.0046601733192801476, 0.004472298547625542, 0.004343004897236824, 0.004224665462970734, 0.004124768543988466, 0.004000237677246332, 0.003893775399774313, 0.003813098417595029, 0.0037098557222634554, 0.0036157548893243074, 0.0035193893127143383, 0.0034379311837255955, 0.003380271140486002, 0.0033012472558766603, 0.003238912206143141, 0.003178153419867158, 0.003125094808638096, 0.0030698105692863464, 0.0030313171446323395, 0.002977322554215789, 0.002947610104456544, 0.0029093842022120953], "acc_mean": [77.08204650878906, 83.50944519042969, 84.30255889892578, 85.34955596923828, 86.02348327636719, 86.22151947021484, 86.54190826416016, 86.88421630859375, 87.0299072265625, 87.32136535644531, 87.46218872070312, 87.6996841430664, 87.9537353515625, 88.1319351196289, 88.35614013671875, 88.61083984375, 88.76434326171875, 88.97310638427734, 89.2911148071289, 89.52940368652344, 89.75392150878906, 89.92046356201172, 90.14757537841797, 90.33442687988281, 90.53488159179688, 90.71123504638672, 90.90576934814453, 91.09911346435547, 91.26517486572266, 91.37550354003906, 91.55502319335938, 91.67887878417969, 91.81968688964844, 91.92732238769531, 92.06392669677734, 92.13777160644531, 92.26008605957031, 92.33808898925781, 92.41914367675781], "acc_1month": [78.92665100097656, 85.62081146240234, 86.87163543701172, 87.92322540283203, 88.44334411621094, 88.68754577636719, 89.01583099365234, 89.32572937011719, 89.6371841430664, 89.73295593261719, 89.65997314453125, 89.95101928710938, 90.20411682128906, 90.3514175415039, 90.4152603149414, 90.52710723876953, 90.72210693359375, 90.75840759277344, 90.93630981445312, 91.05125427246094, 91.18472290039062, 91.34585571289062, 91.40593719482422, 91.4990463256836, 91.62699890136719, 91.70604705810547, 91.81615447998047, 91.96365356445312, 92.0557861328125, 92.18342590332031, 92.26403045654297, 92.35786437988281, 92.43224334716797, 92.51557159423828, 92.5981674194336, 92.67577362060547, 92.73194885253906, 92.8050537109375, 92.84346008300781], "acc_2month": [79.360595703125, 84.5542221069336, 85.58818817138672, 86.47119903564453, 87.01850128173828, 87.19808197021484, 87.54619598388672, 87.59107208251953, 87.94120788574219, 88.28116607666016, 88.16009521484375, 88.46707916259766, 88.7219009399414, 88.90679168701172, 89.05760192871094, 89.2208480834961, 89.41250610351562, 89.57003784179688, 89.8398666381836, 90.02609252929688, 90.30658721923828, 90.43763732910156, 90.56998443603516, 90.82381439208984, 90.92741394042969, 91.0989761352539, 91.30426788330078, 91.45499420166016, 91.56149291992188, 91.7188491821289, 91.86905670166016, 91.96110534667969, 92.11234283447266, 92.21627807617188, 92.32533264160156, 92.4024658203125, 92.5222396850586, 92.56864166259766, 92.62528991699219], "acc_3month": [78.54027557373047, 84.26132202148438, 84.90350341796875, 85.80567169189453, 86.55718231201172, 86.76056671142578, 87.03651428222656, 87.22840881347656, 87.3839111328125, 87.73738098144531, 87.8607406616211, 88.00532531738281, 88.28826904296875, 88.53992462158203, 88.69390869140625, 89.03115844726562, 89.22216796875, 89.33329010009766, 89.6937026977539, 89.91043853759766, 90.1390380859375, 90.3331069946289, 90.56170654296875, 90.78433227539062, 90.92157745361328, 91.08302307128906, 91.30717468261719, 91.49337768554688, 91.61032104492188, 91.72882080078125, 91.89730072021484, 91.99765014648438, 92.1280288696289, 92.25526428222656, 92.34288024902344, 92.42138671875, 92.55960845947266, 92.6312255859375, 92.71285247802734], "acc_4month": [78.5703353881836, 84.38247680664062, 84.69402313232422, 85.42041778564453, 86.29131317138672, 86.46356964111328, 86.79840850830078, 87.1512680053711, 87.10794067382812, 87.42589569091797, 87.75647735595703, 87.87445068359375, 88.1819076538086, 88.32996368408203, 88.5408706665039, 88.88641357421875, 89.0302963256836, 89.26534271240234, 89.63433074951172, 89.90400695800781, 90.08495330810547, 90.24647521972656, 90.56520080566406, 90.7098388671875, 90.96868896484375, 91.1683349609375, 91.34078979492188, 91.50544738769531, 91.71038055419922, 91.77522277832031, 91.974609375, 92.09819793701172, 92.24803161621094, 92.31745147705078, 92.49168395996094, 92.51746368408203, 92.66466522216797, 92.72261047363281, 92.78250885009766], "acc_5month": [78.07274627685547, 84.35838317871094, 84.63277435302734, 85.60460662841797, 86.142822265625, 86.32511138916016, 86.47119140625, 86.95914459228516, 86.97767639160156, 87.27620697021484, 87.56892395019531, 87.73052978515625, 87.94586944580078, 88.13003540039062, 88.43144989013672, 88.7382583618164, 88.7583999633789, 89.1015853881836, 89.40933990478516, 89.7415771484375, 89.96463012695312, 90.0858154296875, 90.4046630859375, 90.59358215332031, 90.8216323852539, 91.05117797851562, 91.25513458251953, 91.45515441894531, 91.64550018310547, 91.7411117553711, 91.91743469238281, 92.03182220458984, 92.21764373779297, 92.33016967773438, 92.46138000488281, 92.55390167236328, 92.6523208618164, 92.73606872558594, 92.83678436279297], "acc_6month": [76.49120330810547, 83.43412017822266, 84.15242004394531, 85.26268005371094, 85.82391357421875, 85.91475677490234, 86.24475860595703, 86.7350845336914, 86.80181884765625, 86.99341583251953, 87.22965240478516, 87.44580078125, 87.6303939819336, 87.67597961425781, 88.00094604492188, 88.26734161376953, 88.39169311523438, 88.65377807617188, 88.91889190673828, 89.17449188232422, 89.3973159790039, 89.58837890625, 89.83302307128906, 89.9681167602539, 90.24728393554688, 90.41635131835938, 90.61071014404297, 90.82657623291016, 91.06266021728516, 91.14524841308594, 91.35552215576172, 91.52337646484375, 91.64728546142578, 91.76441192626953, 91.92161560058594, 92.00859832763672, 92.13308715820312, 92.22974395751953, 92.33903503417969], "val_loss": [0.013992768712341785, 0.008422523736953735, 0.008197767660021782, 0.0073369643650949, 0.007823438383638859, 0.006788778118789196, 0.007071245927363634, 0.006560637149959803, 0.006801299285143614, 0.006644789595156908, 0.006498977541923523, 0.0065491050481796265, 0.006671604234725237, 0.006527039688080549, 0.006497798953205347, 0.006484636105597019, 0.006427820306271315, 0.006660897750407457, 0.006874821614474058, 0.00688756350427866, 0.007239833008497953, 0.007298155687749386, 0.007173594553023577, 0.007271709386259317, 0.0072959852404892445, 0.007323740981519222, 0.007757785730063915, 0.007631716784089804, 0.0075756823644042015, 0.007860098034143448, 0.008047443814575672, 0.007967997342348099, 0.00817815400660038, 0.008122419938445091, 0.008228623308241367, 0.008344056084752083, 0.008539114147424698, 0.008526107296347618, 0.008770590648055077], "val_acc_mean": [79.5707015991211, 83.19869995117188, 83.48499298095703, 85.25459289550781, 84.76923370361328, 85.85481262207031, 85.53237915039062, 86.28718566894531, 85.81743621826172, 86.19181823730469, 86.45442962646484, 86.28560638427734, 86.12995910644531, 86.2215805053711, 86.46759033203125, 86.52449035644531, 86.64318084716797, 86.42200469970703, 86.52677917480469, 86.59121704101562, 86.54371643066406, 86.57412719726562, 86.61604309082031, 86.59833526611328, 86.68235778808594, 86.69274139404297, 86.57701110839844, 86.6434555053711, 86.79374694824219, 86.64350891113281, 86.54631805419922, 86.72506713867188, 86.65330505371094, 86.6969985961914, 86.6960678100586, 86.68083190917969, 86.66785430908203, 86.70966339111328, 86.60249328613281],