{"loss": [0.01321273110806942, 0.008231094107031822, 0.007541335187852383, 0.006819862872362137, 0.0065347300842404366, 0.00621558353304863, 0.006219937931746244, 0.006049071904271841, 0.005791013594716787, 0.00560384476557374, 0.005627060309052467, 0.005326270591467619, 0.005224849097430706, 0.005121590103954077, 0.004950183909386396, 0.0048424373380839825, 0.004711208865046501, 0.004580393433570862, 0.004460667259991169, 0.004346888512372971, 0.004230221267789602, 0.0040977164171636105, 0.003953978419303894, 0.00386008876375854, 0.0037833680398762226, 0.0036654085852205753, 0.0035657475236803293], "acc_mean": [76.37861633300781, 83.36836242675781, 84.45419311523438, 85.57455444335938, 86.00009155273438, 86.4365005493164, 86.40872192382812, 86.64667510986328, 87.08078002929688, 87.36859893798828, 87.3432846069336, 87.81271362304688, 87.97917175292969, 88.16077423095703, 88.46930694580078, 88.62467193603516, 88.86619567871094, 89.07930755615234, 89.32636260986328, 89.52215576171875, 89.74980163574219, 89.98770141601562, 90.25101470947266, 90.43135070800781, 90.58890533447266, 90.8151626586914, 91.00672912597656], "acc_1month": [77.68849182128906, 86.1943130493164, 86.56075286865234, 88.18498992919922, 88.76514434814453, 88.96749877929688, 89.08133697509766, 89.26043701171875, 89.56954193115234, 89.84136199951172, 89.87208557128906, 90.03496551513672, 90.13758087158203, 90.37498474121094, 90.50005340576172, 90.62525939941406, 90.82721710205078, 90.91644287109375, 91.02661895751953, 91.13726806640625, 91.20410919189453, 91.40886688232422, 91.58413696289062, 91.63024139404297, 91.74266815185547, 91.89715576171875, 92.02198028564453], "acc_2month": [78.21046447753906, 84.99132537841797, 85.58280944824219, 86.70150756835938, 87.07040405273438, 87.45819854736328, 87.36827087402344, 87.60488891601562, 88.04166412353516, 88.29210662841797, 88.20637512207031, 88.5599594116211, 88.76812744140625, 88.95223999023438, 89.13246154785156, 89.26875305175781, 89.55135345458984, 89.66387176513672, 89.90860748291016, 90.05292510986328, 90.24591827392578, 90.5274429321289, 90.69790649414062, 90.84136199951172, 91.05928802490234, 91.23480987548828, 91.38591766357422], "acc_3month": [78.2347183227539, 84.07027435302734, 85.06591033935547, 86.1880111694336, 86.50416564941406, 87.009033203125, 86.9586181640625, 86.98262786865234, 87.56869506835938, 87.69579315185547, 87.75529479980469, 88.20079803466797, 88.36259460449219, 88.51028442382812, 88.8496322631836, 88.96946716308594, 89.16300201416016, 89.45901489257812, 89.6643295288086, 89.92510986328125, 90.13201141357422, 90.42578125, 90.64859771728516, 90.8634262084961, 91.01187896728516, 91.25595092773438, 91.39834594726562], "acc_4month": [78.43621826171875, 83.81523895263672, 84.93709564208984, 85.86277770996094, 86.07627868652344, 86.53654479980469, 86.57069396972656, 86.71910858154297, 87.2260513305664, 87.44429016113281, 87.3475341796875, 88.0836181640625, 88.1434326171875, 88.35725402832031, 88.68963623046875, 88.88758087158203, 89.13276672363281, 89.37146759033203, 89.70539093017578, 89.78861236572266, 90.15983581542969, 90.33171081542969, 90.65885925292969, 90.91207122802734, 91.00891876220703, 91.25004577636719, 91.45947265625], "acc_5month": [78.0781478881836, 83.77681732177734, 85.19882202148438, 85.71326446533203, 86.13085174560547, 86.50167083740234, 86.50672149658203, 86.80996704101562, 87.10958099365234, 87.39736938476562, 87.29951477050781, 87.87230682373047, 88.12544250488281, 88.24156188964844, 88.59461212158203, 88.79891967773438, 89.11662292480469, 89.28591918945312, 89.57926177978516, 89.85354614257812, 90.08403778076172, 90.3193359375, 90.63568115234375, 90.79600524902344, 90.9594955444336, 91.16985321044922, 91.4356460571289], "acc_6month": [75.60551452636719, 82.95124053955078, 84.43830871582031, 85.2147445678711, 85.55348205566406, 86.09693908691406, 85.92788696289062, 86.41868591308594, 86.60075378417969, 87.05484008789062, 87.10516357421875, 87.45045471191406, 87.61968994140625, 87.7479248046875, 88.11042022705078, 88.29393005371094, 88.4703140258789, 88.736328125, 88.9760971069336, 89.21145629882812, 89.49403381347656, 89.68468475341797, 89.97296142578125, 90.17904663085938, 90.3609619140625, 90.56849670410156, 90.77090454101562], "val_loss": [0.01665421389043331, 0.010676030069589615, 0.008370229974389076, 0.007013444788753986, 0.006778102833777666, 0.0064064133912324905, 0.007319204043596983, 0.006658029742538929, 0.006368337199091911, 0.006443222053349018, 0.006353877019137144, 0.00640326552093029, 0.006439933553338051, 0.006372364703565836, 0.006340573541820049, 0.006440702360123396, 0.006344007793813944, 0.006565275602042675, 0.006805985700339079, 0.00708454055711627, 0.006890818011015654, 0.0068200137466192245, 0.007166294846683741, 0.00731567433103919, 0.007138335611671209, 0.00735473120585084, 0.0076752291060984135], "val_acc_mean": [78.901123046875, 79.99156951904297, 83.55403900146484, 85.31843566894531, 85.6594467163086, 86.31143188476562, 84.94824981689453, 86.06561279296875, 86.39781188964844, 86.4677505493164, 86.62052154541016, 86.67437744140625, 86.4840087890625, 86.62738037109375, 86.60260772705078, 86.61575317382812, 86.91287994384766, 86.67256164550781, 86.57421112060547, 86.10234832763672, 86.72132873535156, 86.6712417602539, 86.58775329589844, 86.58275604248047, 86.84478759765625, 86.61406707763672, 86.56288146972656], "val_acc_1month": [80.69220733642578, 82.69630432128906, 87.00470733642578, 88.05225372314453, 88.94804382324219, 88.73832702636719, 87.32908630371094, 88.89435577392578, 89.32035827636719, 89.61477661132812, 89.611328125, 89.72489929199219, 89.92447662353516, 89.31488037109375, 89.65373229980469, 90.01152801513672, 90.19402313232422, 89.7561264038086, 90.09354400634766, 89.48482513427734, 90.05831909179688, 90.19977569580078, 89.90332794189453, 90.271484375, 90.35623931884766, 89.94376373291016, 89.87369537353516], "val_acc_2month": [81.40306091308594, 82.19540405273438, 85.52771759033203, 86.47221374511719, 87.6153564453125, 87.39452362060547, 85.58521270751953, 87.2414321899414, 87.45404815673828, 87.6207504272461, 87.80952453613281, 88.11703491210938, 87.66386413574219, 88.1250228881836, 87.96702575683594, 88.16108703613281, 88.20161437988281, 87.97787475585938, 87.97325134277344, 87.66386413574219, 87.9411392211914, 88.17282104492188, 87.69685363769531, 87.91289520263672, 88.2125244140625, 87.8590316772461, 87.70720672607422], "val_acc_3month": [81.02146911621094, 81.68595123291016, 83.79624938964844, 86.15665435791016, 86.72449493408203, 87.03119659423828, 84.93016052246094, 86.53510284423828, 86.8290023803711, 86.83798217773438, 86.95258331298828, 87.09241485595703, 86.74124145507812, 87.1235122680664, 87.1779556274414, 87.09235382080078, 87.25746154785156, 87.21849060058594, 87.09922790527344, 86.6208724975586, 87.10848999023438, 87.13238525390625, 87.02959442138672, 87.01600646972656, 87.34101104736328, 87.07433319091797, 87.00270080566406], "val_acc_4month": [81.58399963378906, 82.10494232177734, 83.52294921875, 86.02155303955078, 85.31073760986328, 86.41816711425781, 85.75212097167969, 86.11397552490234, 86.40554809570312, 86.42906951904297, 86.60843658447266, 86.46745300292969, 86.36978149414062, 86.6561508178711, 86.68800354003906, 86.61519622802734, 86.61882781982422, 86.80004119873047, 86.51187896728516, 86.15376281738281, 86.556640625, 86.42538452148438, 86.51685333251953, 86.42515563964844, 86.65374755859375, 86.61988830566406, 86.54635620117188],