{"loss": [0.013436208479106426, 0.008201241493225098, 0.007602139376103878, 0.006836444139480591, 0.006668581627309322, 0.006340875755995512, 0.006250912789255381, 0.0059727937914431095, 0.00579987745732069, 0.005698636174201965, 0.005518490914255381, 0.005364746320992708, 0.005290432833135128, 0.005131170153617859, 0.005006395746022463, 0.004929769784212112, 0.004754999186843634, 0.004599836654961109, 0.004550604149699211, 0.0043937209993600845, 0.004267110023647547, 0.0041814218275249004, 0.004056206904351711, 0.003970334772020578, 0.003861786564812064, 0.0037860271986573935, 0.0036993944086134434, 0.003617818234488368, 0.0035483031533658504, 0.0034912191331386566, 0.003432059893384576, 0.0033770822919905186], "acc_mean": [76.42719268798828, 83.603271484375, 84.4049301147461, 85.61424255371094, 85.81158447265625, 86.34565734863281, 86.44754028320312, 86.88325500488281, 87.1261978149414, 87.24742889404297, 87.54527282714844, 87.81425476074219, 87.92546844482422, 88.18753051757812, 88.39786529541016, 88.53296661376953, 88.79378509521484, 89.08434295654297, 89.16706848144531, 89.44097137451172, 89.68836975097656, 89.84297943115234, 90.0687255859375, 90.22673034667969, 90.43978118896484, 90.59593963623047, 90.75028228759766, 90.92223358154297, 91.06735229492188, 91.15817260742188, 91.2899169921875, 91.40023803710938], "acc_1month": [78.24189758300781, 86.21981811523438, 86.7437973022461, 88.052490234375, 88.41506958007812, 88.93690490722656, 88.91908264160156, 89.37995147705078, 89.54158782958984, 89.64842224121094, 89.85919952392578, 90.16560363769531, 90.15730285644531, 90.31169128417969, 90.44010162353516, 90.42628479003906, 90.59111022949219, 90.83688354492188, 90.8741683959961, 91.01826477050781, 91.1336441040039, 91.25102233886719, 91.35165405273438, 91.45893096923828, 91.61503601074219, 91.64434051513672, 91.75479125976562, 91.91326141357422, 92.00475311279297, 91.99874114990234, 92.08802795410156, 92.18702697753906], "acc_2month": [78.83824157714844, 85.05354309082031, 85.4427490234375, 86.70848083496094, 87.09960174560547, 87.30575561523438, 87.38621520996094, 87.86540985107422, 88.07231140136719, 88.22139739990234, 88.38187408447266, 88.66409301757812, 88.78468322753906, 88.83473205566406, 89.05738830566406, 89.11561584472656, 89.42352294921875, 89.72299194335938, 89.79756927490234, 89.96192169189453, 90.25493621826172, 90.27820587158203, 90.51029205322266, 90.6445083618164, 90.82454681396484, 90.9669189453125, 91.10346984863281, 91.29351043701172, 91.4065170288086, 91.48715209960938, 91.63548278808594, 91.71833038330078], "acc_3month": [78.35010528564453, 84.20406341552734, 84.9023666381836, 86.02882385253906, 86.34095764160156, 86.57402038574219, 86.80309295654297, 87.28169250488281, 87.51280975341797, 87.65766906738281, 87.90116119384766, 88.21000671386719, 88.38069152832031, 88.55354309082031, 88.69548034667969, 88.81439971923828, 89.23686981201172, 89.47179412841797, 89.48112487792969, 89.7895736694336, 90.10572814941406, 90.27828216552734, 90.46234130859375, 90.61908721923828, 90.8530044555664, 90.98624420166016, 91.14830780029297, 91.32672882080078, 91.46253967285156, 91.57658386230469, 91.67945098876953, 91.7961654663086], "acc_4month": [78.36869049072266, 84.06208038330078, 84.88607788085938, 85.8507080078125, 86.05326843261719, 86.58008575439453, 86.55353546142578, 86.9826889038086, 87.31841278076172, 87.4239273071289, 87.76763153076172, 87.97459411621094, 88.12250518798828, 88.33555603027344, 88.62273406982422, 88.8890151977539, 89.06086730957031, 89.35165405273438, 89.48429107666016, 89.79035186767578, 90.06507873535156, 90.2035140991211, 90.47677612304688, 90.63215637207031, 90.82948303222656, 90.98023986816406, 91.18546295166016, 91.3343505859375, 91.51748657226562, 91.5639877319336, 91.71165466308594, 91.81629180908203], "acc_5month": [77.2916030883789, 84.0706558227539, 84.9415512084961, 85.94512939453125, 85.72294616699219, 86.49668884277344, 86.60443115234375, 86.87789916992188, 87.15808868408203, 87.23794555664062, 87.57312774658203, 87.7336196899414, 87.8827896118164, 88.25181579589844, 88.49732208251953, 88.69357299804688, 88.90958404541016, 89.22517395019531, 89.40628051757812, 89.65252685546875, 89.88046264648438, 90.10569763183594, 90.33798217773438, 90.50948333740234, 90.7803955078125, 90.9657974243164, 91.11713409423828, 91.26565551757812, 91.44429779052734, 91.55953216552734, 91.70814514160156, 91.78980255126953], "acc_6month": [74.57440185546875, 83.5302505493164, 84.32122802734375, 85.34648895263672, 85.49974822998047, 86.20709991455078, 86.24606323242188, 86.59086608886719, 86.69381713867188, 86.830810546875, 87.14734649658203, 87.38381958007812, 87.41189575195312, 87.9896011352539, 88.1401138305664, 88.28256225585938, 88.49112701416016, 88.74259948730469, 88.88105773925781, 89.15836334228516, 89.36869812011719, 89.54933166503906, 89.81085205078125, 89.97761535644531, 90.163818359375, 90.43104553222656, 90.53351593017578, 90.72206115722656, 90.82340240478516, 90.98674011230469, 91.1096420288086, 91.27777099609375], "val_loss": [0.01090824045240879, 0.009516814723610878, 0.007172750774770975, 0.007415579631924629, 0.006784283090382814, 0.006871659774333239, 0.006831276696175337, 0.006607593968510628, 0.006438196636736393, 0.006526148412376642, 0.006339780520647764, 0.0063934326171875, 0.006563161499798298, 0.00647739740088582, 0.006879969500005245, 0.0063928705640137196, 0.006523853167891502, 0.006765497848391533, 0.006594902835786343, 0.006715560331940651, 0.007112054154276848, 0.006621047854423523, 0.007058862131088972, 0.007187789771705866, 0.007182735484093428, 0.007264611776918173, 0.007162046618759632, 0.007222872693091631, 0.007380722556263208, 0.007773383986204863, 0.007637601811438799, 0.007674224674701691], "val_acc_mean": [80.70219421386719, 82.7762451171875, 85.12508392333984, 84.98566436767578, 85.78912353515625, 85.45353698730469, 85.91513061523438, 86.04293823242188, 86.14192962646484, 86.27528381347656, 86.6024398803711, 86.596923828125, 86.47309112548828, 86.62812042236328, 86.20993041992188, 86.27936553955078, 86.58343505859375, 86.55107879638672, 86.58393859863281, 86.5792236328125, 86.2559585571289, 86.91031646728516, 86.4690933227539, 86.53356170654297, 86.54823303222656, 86.74275207519531, 86.73729705810547, 86.81145477294922, 86.83182525634766, 86.40607452392578, 86.62406921386719, 86.71775817871094], "val_acc_1month": [83.10664367675781, 86.71708679199219, 88.44933319091797, 88.0135269165039, 87.84806823730469, 88.81672668457031, 89.1194076538086, 89.28327941894531, 88.75580596923828, 89.6919174194336, 89.86558532714844, 89.79157257080078, 89.68353271484375, 89.74286651611328, 88.4803466796875, 89.65740203857422, 89.94217681884766, 90.17642974853516, 89.83682250976562, 89.64787292480469, 89.94743347167969, 89.90645599365234, 89.92688751220703, 89.99827575683594, 89.90202331542969, 90.2528076171875, 90.14159393310547, 90.26727294921875, 90.25395202636719, 89.9380111694336, 90.21429443359375, 90.10675048828125], "val_acc_2month": [83.4825439453125, 84.962646484375, 86.43339538574219, 86.23023986816406, 86.89757537841797, 86.4534912109375, 87.58104705810547, 87.32837677001953, 87.71211242675781, 87.61969757080078, 87.8320541381836, 87.87593841552734, 87.3349380493164, 87.8442153930664, 87.40052795410156, 87.51380157470703, 88.00859832763672, 88.01273345947266, 88.017578125, 87.77278900146484, 87.8975830078125, 88.10298919677734, 87.66160583496094, 87.70571899414062, 87.7851333618164, 87.99334716796875, 87.9908676147461, 88.08960723876953, 87.95006561279297, 87.54893493652344, 87.89015197753906, 87.91036224365234],