{"loss": [0.012896007858216763, 0.008210617117583752, 0.007411985658109188, 0.006848006974905729, 0.006599831860512495, 0.006365571171045303, 0.006347392685711384, 0.006004848051816225, 0.0059036146849393845, 0.005789577960968018, 0.005579634569585323, 0.005407888442277908, 0.005337920505553484, 0.00517966179177165, 0.0050820051692426205, 0.004833420272916555, 0.004730378743261099, 0.00460095563903451, 0.004451951012015343, 0.004363915883004665, 0.004184606950730085, 0.004080649930983782, 0.0039942446164786816, 0.003865318140015006, 0.0037763717118650675, 0.003673109458759427, 0.0035926569253206253, 0.0034998031333088875, 0.0034284836146980524, 0.0033541894517838955, 0.0032873894087970257, 0.0032281118910759687, 0.003166360082104802, 0.0031108511611819267, 0.003060168121010065, 0.0030153391417115927, 0.0029633918311446905], "acc_mean": [77.07496643066406, 83.62782287597656, 84.74370574951172, 85.6099853515625, 85.93473815917969, 86.29168701171875, 86.34275817871094, 86.83078002929688, 87.01548767089844, 87.17342376708984, 87.5235366821289, 87.77816009521484, 87.86381530761719, 88.150634765625, 88.29330444335938, 88.7070083618164, 88.8759765625, 89.10261535644531, 89.36368560791016, 89.50788116455078, 89.8486099243164, 90.00725555419922, 90.17404174804688, 90.43065643310547, 90.5957260131836, 90.80909729003906, 90.96153259277344, 91.13311004638672, 91.28343200683594, 91.4454116821289, 91.579345703125, 91.71155548095703, 91.83990478515625, 91.96289825439453, 92.07737731933594, 92.16851043701172, 92.2998275756836], "acc_1month": [78.60517883300781, 86.32276916503906, 87.17808532714844, 88.22685241699219, 88.46497344970703, 88.74223327636719, 88.8894271850586, 89.41329956054688, 89.34642791748047, 89.61299896240234, 89.744384765625, 89.91487884521484, 90.09231567382812, 90.3517837524414, 90.28054809570312, 90.58079528808594, 90.68946838378906, 90.82866668701172, 90.96559143066406, 91.02906036376953, 91.2247543334961, 91.36322021484375, 91.43168640136719, 91.58467102050781, 91.63677978515625, 91.8393325805664, 91.92765045166016, 92.04307556152344, 92.1383285522461, 92.22697448730469, 92.32172393798828, 92.41890716552734, 92.46105194091797, 92.57483673095703, 92.66580963134766, 92.68851470947266, 92.80691528320312], "acc_2month": [78.96162414550781, 84.86669921875, 85.94165802001953, 86.6277847290039, 86.92549896240234, 87.24482727050781, 87.1904525756836, 87.87804412841797, 87.7275619506836, 88.10161590576172, 88.3014144897461, 88.52433776855469, 88.61107635498047, 88.93458557128906, 88.93804931640625, 89.28910827636719, 89.58629608154297, 89.75117492675781, 89.98517608642578, 90.02896881103516, 90.33216857910156, 90.5098876953125, 90.65506744384766, 90.86408996582031, 91.01944732666016, 91.2209243774414, 91.31884765625, 91.4845199584961, 91.62715911865234, 91.7976303100586, 91.89115905761719, 92.04345703125, 92.16593170166016, 92.29269409179688, 92.3648681640625, 92.49649810791016, 92.58096313476562], "acc_3month": [78.24776458740234, 84.57110595703125, 85.26766204833984, 86.13780975341797, 86.53472900390625, 86.84950256347656, 86.79523468017578, 87.3476333618164, 87.42537689208984, 87.71514892578125, 87.931640625, 88.29137420654297, 88.28057861328125, 88.47856140136719, 88.64606475830078, 89.08760833740234, 89.27215576171875, 89.48515319824219, 89.72642517089844, 89.92608642578125, 90.25975036621094, 90.40106201171875, 90.61277770996094, 90.8408432006836, 91.01283264160156, 91.25039672851562, 91.39366912841797, 91.49928283691406, 91.66495513916016, 91.80514526367188, 91.9266586303711, 92.06165313720703, 92.18890380859375, 92.31591033935547, 92.44510650634766, 92.52947235107422, 92.63849639892578], "acc_4month": [78.70561218261719, 84.360107421875, 85.20021057128906, 85.76075744628906, 86.34162139892578, 86.4747085571289, 86.509033203125, 86.88438415527344, 87.31954956054688, 87.42556762695312, 87.70391082763672, 87.94235229492188, 88.01042175292969, 88.3415756225586, 88.66897583007812, 88.99938201904297, 89.16768646240234, 89.40941619873047, 89.69403076171875, 89.85733032226562, 90.22659301757812, 90.38028717041016, 90.5739517211914, 90.87097930908203, 90.97914123535156, 91.21875, 91.34606170654297, 91.50325012207031, 91.67897033691406, 91.81982421875, 91.97734832763672, 92.11432647705078, 92.23828125, 92.3281021118164, 92.43988037109375, 92.52615356445312, 92.66462707519531], "acc_5month": [78.43019104003906, 83.86128234863281, 85.09449005126953, 85.6571044921875, 85.94727325439453, 86.22134399414062, 86.40061950683594, 86.60527801513672, 87.08673095703125, 87.02644348144531, 87.5045166015625, 87.76268768310547, 87.86022186279297, 88.12171173095703, 88.35655975341797, 88.82138061523438, 88.92524719238281, 89.23025512695312, 89.46842956542969, 89.68875885009766, 90.02761840820312, 90.1901626586914, 90.4103775024414, 90.64261627197266, 90.88688659667969, 91.05867004394531, 91.2466049194336, 91.4710922241211, 91.59673309326172, 91.78196716308594, 91.92032623291016, 92.04682922363281, 92.17298889160156, 92.3007583618164, 92.37683868408203, 92.47769927978516, 92.61152648925781], "acc_6month": [76.8137435913086, 83.03267669677734, 84.64339447021484, 85.57714080810547, 85.6375961303711, 86.15834045410156, 86.14035034179688, 86.48127746582031, 86.87008666992188, 86.81806945800781, 87.29444122314453, 87.49565124511719, 87.55437469482422, 87.78237915039062, 87.97565460205078, 88.316650390625, 88.45140838623047, 88.68604278564453, 88.99176788330078, 89.15555572509766, 89.51313781738281, 89.62308502197266, 89.75911712646484, 90.09236145019531, 90.28223419189453, 90.45968627929688, 90.6716079711914, 90.84809875488281, 91.02593231201172, 91.22206115722656, 91.35733795166016, 91.47244262695312, 91.6228256225586, 91.74411010742188, 91.89141082763672, 91.99198913574219, 92.1339340209961], "val_loss": [0.010100132785737514, 0.007969633676111698, 0.007135342340916395, 0.007055873982608318, 0.006915568374097347, 0.006649315357208252, 0.00670795189216733, 0.006230511236935854, 0.006472535897046328, 0.006592090707272291, 0.0064104655757546425, 0.006436571478843689, 0.006587350741028786, 0.007290216162800789, 0.006449796725064516, 0.006411728449165821, 0.007211290765553713, 0.006608813069760799, 0.007556963246315718, 0.006592804566025734, 0.0068449294194579124, 0.006908953655511141, 0.0069180927239358425, 0.0071135531179606915, 0.007400169037282467, 0.007659538183361292, 0.007297339849174023, 0.00763998506590724, 0.008012400940060616, 0.008274362422525883, 0.007652231026440859, 0.007989579811692238, 0.008082857355475426, 0.00819272082298994, 0.008242045529186726, 0.008494476787745953, 0.008384152315557003], "val_acc_mean": [81.90388488769531, 83.88692474365234, 85.29716491699219, 85.51583862304688, 85.80048370361328, 85.94816589355469, 86.14285278320312, 86.57209014892578, 86.3712387084961, 86.319580078125, 86.59601593017578, 86.76666259765625, 86.26620483398438, 85.2530746459961, 86.73126983642578, 86.74153137207031, 85.81304168701172, 86.69525146484375, 85.84857940673828, 86.70143127441406, 86.7357406616211, 86.828369140625, 86.7826156616211, 86.79884338378906, 86.48187255859375, 86.50282287597656, 86.87400817871094, 86.66837310791016, 86.48139190673828, 86.3383560180664, 86.80687713623047, 86.69981384277344, 86.69168090820312, 86.72560119628906, 86.64900970458984, 86.62857055664062, 86.8168716430664],