{"loss": [0.012771602720022202, 0.00806424766778946, 0.0076492540538311005, 0.006857209373265505, 0.006654391530901194, 0.00638447655364871, 0.006211441941559315, 0.006113637238740921, 0.005927912425249815, 0.005914232227951288, 0.005650285165756941, 0.0054898327216506, 0.005397611763328314, 0.005267949774861336, 0.005158928222954273, 0.005022900179028511, 0.004876026418060064, 0.004757540300488472, 0.004672456998378038, 0.00452000368386507, 0.004417654126882553, 0.004296583589166403, 0.004201632458716631, 0.00406303908675909, 0.003949662204831839, 0.003851381130516529, 0.003759888932108879, 0.0036606781650334597, 0.0035803751088678837, 0.0035099235828965902, 0.0034414830151945353, 0.003369698766618967, 0.0033132992684841156, 0.003260105848312378, 0.003197557060047984, 0.003152694320306182, 0.003099471563473344, 0.0030625902581959963, 0.003027696395292878, 0.00299484352581203, 0.0029596334788948298, 0.002931213239207864, 0.0029038710054010153, 0.002880287356674671, 0.002857278333976865, 0.002839153166860342, 0.0028212915640324354, 0.0028036420699208975, 0.0027922915760427713], "acc_mean": [77.19744110107422, 83.77762603759766, 84.44310760498047, 85.61632537841797, 85.84042358398438, 86.2806396484375, 86.54597473144531, 86.64868927001953, 86.9543685913086, 86.93134307861328, 87.40547943115234, 87.6135482788086, 87.78812408447266, 87.9750747680664, 88.17830657958984, 88.40802001953125, 88.64674377441406, 88.85933685302734, 88.97206115722656, 89.25757598876953, 89.44124603271484, 89.64537048339844, 89.81362915039062, 90.08872985839844, 90.28715515136719, 90.47901916503906, 90.65370178222656, 90.8406982421875, 91.00221252441406, 91.15494537353516, 91.29781341552734, 91.43580627441406, 91.54423522949219, 91.65872955322266, 91.79472351074219, 91.89002990722656, 91.99871826171875, 92.08452606201172, 92.15962219238281, 92.24124908447266, 92.31761169433594, 92.3827896118164, 92.4421157836914, 92.49466705322266, 92.55008697509766, 92.58562469482422, 92.62908935546875, 92.67206573486328, 92.705078125], "acc_1month": [78.52692413330078, 86.45001220703125, 86.78208923339844, 88.01856994628906, 88.03216552734375, 88.6544189453125, 88.9702377319336, 88.98766326904297, 89.50150299072266, 89.37757873535156, 89.75419616699219, 89.9425277709961, 90.2009048461914, 90.17021942138672, 90.28959655761719, 90.46063232421875, 90.65413665771484, 90.7216796875, 90.69597625732422, 90.93748474121094, 91.08763122558594, 91.20319366455078, 91.29428100585938, 91.42931365966797, 91.4465560913086, 91.59532928466797, 91.74764251708984, 91.86640167236328, 91.88207244873047, 92.01750183105469, 92.08971405029297, 92.17733764648438, 92.23979949951172, 92.34423065185547, 92.4061279296875, 92.4671859741211, 92.54487609863281, 92.60576629638672, 92.6771469116211, 92.72233581542969, 92.7871322631836, 92.81087493896484, 92.85393524169922, 92.90505981445312, 92.91260528564453, 92.96287536621094, 92.99559783935547, 93.01860046386719, 93.05830383300781], "acc_2month": [79.39207458496094, 84.94011688232422, 85.77894592285156, 86.54962921142578, 86.73810577392578, 87.22633361816406, 87.51273345947266, 87.51443481445312, 87.79918670654297, 87.81798553466797, 88.2720947265625, 88.47845458984375, 88.6191635131836, 88.68807220458984, 88.81812286376953, 89.0838851928711, 89.34542846679688, 89.43524169921875, 89.55036163330078, 89.81593322753906, 90.0182876586914, 90.16685485839844, 90.32268524169922, 90.53792572021484, 90.69059753417969, 90.90316009521484, 91.03165435791016, 91.22337341308594, 91.38175964355469, 91.525146484375, 91.65501403808594, 91.77500915527344, 91.90438079833984, 91.97432708740234, 92.09530639648438, 92.1929931640625, 92.2906494140625, 92.37301635742188, 92.41117858886719, 92.52053833007812, 92.59149932861328, 92.64486694335938, 92.70282745361328, 92.73571014404297, 92.7956314086914, 92.82195281982422, 92.8704833984375, 92.91043853759766, 92.93401336669922], "acc_3month": [79.42510986328125, 84.65283966064453, 85.41610717773438, 86.0642318725586, 86.54598999023438, 86.64641571044922, 87.0332260131836, 87.17625427246094, 87.37073516845703, 87.38050842285156, 87.80606079101562, 88.01006317138672, 88.20306396484375, 88.37201690673828, 88.4371566772461, 88.70284271240234, 89.0385971069336, 89.22969818115234, 89.31893920898438, 89.61941528320312, 89.77793884277344, 89.96711730957031, 90.15966796875, 90.35799407958984, 90.63568878173828, 90.82721710205078, 91.00674438476562, 91.16990661621094, 91.37378692626953, 91.51799774169922, 91.6805191040039, 91.8160171508789, 91.88179016113281, 91.98738098144531, 92.11909484863281, 92.25691223144531, 92.34039306640625, 92.42145538330078, 92.4729995727539, 92.57017517089844, 92.61425018310547, 92.72767639160156, 92.77344512939453, 92.79801177978516, 92.84566497802734, 92.87993621826172, 92.9216079711914, 92.9641342163086, 92.9942398071289], "acc_4month": [79.09500885009766, 84.14218139648438, 84.86165618896484, 86.03658294677734, 86.18486022949219, 86.56156921386719, 86.81353759765625, 87.02621459960938, 87.08894348144531, 87.11368560791016, 87.62063598632812, 87.7799301147461, 87.97509765625, 88.15168762207031, 88.40266418457031, 88.60863494873047, 88.9241714477539, 89.11212921142578, 89.30201721191406, 89.58380126953125, 89.73441314697266, 89.96328735351562, 90.13675689697266, 90.46221923828125, 90.69361877441406, 90.84788513183594, 91.00108337402344, 91.23550415039062, 91.42206573486328, 91.55442810058594, 91.68155670166016, 91.82102966308594, 91.94195556640625, 92.01496124267578, 92.20063781738281, 92.26093292236328, 92.36209106445312, 92.4399642944336, 92.49479675292969, 92.58014678955078, 92.66007232666016, 92.73040008544922, 92.76152801513672, 92.81269073486328, 92.90206146240234, 92.91284942626953, 92.94339752197266, 92.99668884277344, 93.03009796142578], "acc_5month": [77.9574966430664, 84.13167572021484, 84.81517791748047, 85.818115234375, 86.10295867919922, 86.40206146240234, 86.5580062866211, 86.70670318603516, 86.88017272949219, 86.86466979980469, 87.40303039550781, 87.48572540283203, 87.63480377197266, 87.95630645751953, 88.28929901123047, 88.46814727783203, 88.65363311767578, 88.99114990234375, 89.09734344482422, 89.37002563476562, 89.55856323242188, 89.82656860351562, 89.9826431274414, 90.29456329345703, 90.54071807861328, 90.74420166015625, 90.9051513671875, 91.13274383544922, 91.29470825195312, 91.44046020507812, 91.61322784423828, 91.73877716064453, 91.86206817626953, 92.00519561767578, 92.12748718261719, 92.23832702636719, 92.32681274414062, 92.46263885498047, 92.53387451171875, 92.61083221435547, 92.68717193603516, 92.7291030883789, 92.8099594116211, 92.87366485595703, 92.89800262451172, 92.95266723632812, 92.97337341308594, 93.03014373779297, 93.06329345703125], "acc_6month": [75.8958969116211, 83.70162200927734, 84.0225601196289, 85.51544189453125, 85.74187469482422, 86.14308166503906, 86.2044906616211, 86.38105010986328, 86.7640609741211, 86.6141128540039, 87.02411651611328, 87.33824157714844, 87.3724136352539, 87.73535919189453, 87.92778015136719, 88.07015991210938, 88.2184829711914, 88.50547790527344, 88.6440658569336, 88.88733673095703, 89.1206283569336, 89.3109359741211, 89.50214385986328, 89.84544372558594, 90.05451965332031, 90.1780014038086, 90.44618225097656, 90.5572280883789, 90.76421356201172, 90.90711975097656, 91.06795501708984, 91.22062683105469, 91.31852722167969, 91.49527740478516, 91.63318634033203, 91.71721649169922, 91.88025665283203, 91.921142578125, 92.0606460571289, 92.11122131347656, 92.19975280761719, 92.26303100585938, 92.3454818725586, 92.40814971923828, 92.4937515258789, 92.5301284790039, 92.58229064941406, 92.61759185791016, 92.63689422607422],