{"loss": [0.012706891633570194, 0.00809877086430788, 0.008051491342484951, 0.0069045862182974815, 0.00672125443816185, 0.006484515964984894, 0.006162762176245451, 0.00596777955070138, 0.005940257105976343, 0.005737218540161848, 0.005621851421892643, 0.0055114757269620895, 0.005336955189704895, 0.005260102916508913, 0.005090599879622459, 0.0049936482682824135, 0.004825151059776545, 0.004705695901066065, 0.004563558846712112, 0.004419400356709957, 0.0043109687976539135, 0.004177957307547331, 0.004069822374731302, 0.003952187951654196, 0.003841538680717349], "acc_mean": [77.34452819824219, 83.78314971923828, 83.80968475341797, 85.58960723876953, 85.80474853515625, 86.12126159667969, 86.63545227050781, 86.92569732666016, 86.97222137451172, 87.28263092041016, 87.45355987548828, 87.6327133178711, 87.91366577148438, 88.01187896728516, 88.31360626220703, 88.43497467041016, 88.73797607421875, 88.9024429321289, 89.189208984375, 89.4290542602539, 89.63601684570312, 89.84571075439453, 90.04743957519531, 90.28878784179688, 90.48260498046875], "acc_1month": [79.3415756225586, 86.36022186279297, 86.10751342773438, 88.20714569091797, 88.14157104492188, 88.62712860107422, 89.18972778320312, 89.36897277832031, 89.39647674560547, 89.68498992919922, 89.84571075439453, 90.03279876708984, 90.16655731201172, 90.05046844482422, 90.38542175292969, 90.34397888183594, 90.6146011352539, 90.74959564208984, 90.9316635131836, 91.06503295898438, 91.14550018310547, 91.2456283569336, 91.37796020507812, 91.52957916259766, 91.6528549194336], "acc_2month": [79.91206359863281, 85.09854125976562, 85.17874908447266, 86.75772857666016, 86.70361328125, 86.82244110107422, 87.58624267578125, 87.8104248046875, 87.94357299804688, 88.07682037353516, 88.20736694335938, 88.52054595947266, 88.70248413085938, 88.51825714111328, 89.01445770263672, 89.00939178466797, 89.34191131591797, 89.52068328857422, 89.82158660888672, 90.00897979736328, 90.1084213256836, 90.3423080444336, 90.49574279785156, 90.7820816040039, 90.86373138427734], "acc_3month": [79.61710357666016, 84.41999816894531, 84.48104095458984, 86.17809295654297, 86.45291137695312, 86.43094635009766, 87.03936767578125, 87.26924896240234, 87.5063705444336, 87.69182586669922, 87.91807556152344, 88.11292266845703, 88.3313217163086, 88.33606719970703, 88.72210693359375, 88.8283920288086, 89.12891387939453, 89.32748413085938, 89.63671875, 89.85801696777344, 90.0152359008789, 90.28970336914062, 90.46092987060547, 90.67906951904297, 90.90874481201172], "acc_4month": [77.87976837158203, 84.43988037109375, 83.98371124267578, 85.89771270751953, 86.1963882446289, 86.46114349365234, 86.85215759277344, 87.09117889404297, 87.05362701416016, 87.51396179199219, 87.6376724243164, 87.71926879882812, 88.0522689819336, 88.33364868164062, 88.52603149414062, 88.84725952148438, 88.94684600830078, 89.20674133300781, 89.45992279052734, 89.72256469726562, 89.9596939086914, 90.203125, 90.45195770263672, 90.6368637084961, 90.88351440429688], "acc_5month": [78.02201080322266, 84.42292022705078, 84.1953353881836, 85.73963928222656, 85.91972351074219, 86.37271881103516, 86.67253875732422, 86.89405059814453, 86.88690948486328, 87.25720977783203, 87.47645568847656, 87.5438003540039, 87.86763000488281, 88.16963195800781, 88.3044662475586, 88.50811004638672, 88.77534484863281, 88.97403717041016, 89.22491455078125, 89.52558135986328, 89.77354431152344, 89.98625946044922, 90.23729705810547, 90.51945495605469, 90.70172882080078], "acc_6month": [75.97865295410156, 83.3175048828125, 83.88473510742188, 85.12139129638672, 85.67413330078125, 86.08605194091797, 86.30184173583984, 86.65887451171875, 86.68634033203125, 86.9962387084961, 87.0681381225586, 87.18545532226562, 87.53789520263672, 87.80960083007812, 87.89643859863281, 88.06827545166016, 88.42542266845703, 88.41590118408203, 88.66165161132812, 88.9588623046875, 89.22662353515625, 89.42340850830078, 89.57192993164062, 89.81564331054688, 90.0732650756836], "val_loss": [0.016341835260391235, 0.011909139342606068, 0.007240479812026024, 0.007403779309242964, 0.007493848446756601, 0.006726475898176432, 0.00660399766638875, 0.006939902901649475, 0.0065513234585523605, 0.0065729860216379166, 0.006317701656371355, 0.0064690373837947845, 0.006543207913637161, 0.006335642654448748, 0.006198205519467592, 0.0062759374268352985, 0.006429122295230627, 0.006528106052428484, 0.006752129644155502, 0.006553530227392912, 0.006574972998350859, 0.006699154619127512, 0.006798870861530304, 0.006985645741224289, 0.007028981577605009], "val_acc_mean": [78.33033752441406, 80.95313262939453, 85.15921783447266, 84.57571411132812, 84.85254669189453, 85.94937896728516, 86.25582122802734, 85.8746566772461, 86.23313903808594, 86.32658386230469, 86.84577941894531, 86.41588592529297, 86.5840072631836, 86.6493148803711, 86.92163848876953, 86.79875946044922, 86.7718734741211, 86.74435424804688, 86.6115493774414, 86.84107971191406, 86.87516784667969, 86.8915023803711, 86.75788879394531, 86.59880065917969, 86.72538757324219], "val_acc_1month": [81.58394622802734, 83.3154296875, 88.10413360595703, 87.96723175048828, 86.97633361816406, 88.86104583740234, 89.12357330322266, 89.42889404296875, 89.44319152832031, 89.4179916381836, 89.70215606689453, 89.93768310546875, 89.76417541503906, 89.75475311279297, 90.11962127685547, 90.17495727539062, 89.9685287475586, 90.22721862792969, 90.02128601074219, 90.1288833618164, 90.23675537109375, 90.35722351074219, 90.169921875, 90.12657928466797, 90.2059097290039], "val_acc_2month": [80.78314971923828, 84.00779724121094, 85.45606994628906, 86.67096710205078, 85.62017822265625, 87.33262634277344, 87.47360229492188, 87.6046142578125, 87.58633422851562, 87.51754760742188, 88.0651626586914, 87.94720458984375, 87.36605072021484, 87.77312469482422, 88.2082290649414, 88.21974182128906, 88.03409576416016, 88.32998657226562, 88.11312103271484, 88.0291976928711, 88.17975616455078, 88.015380859375, 87.86883544921875, 88.04802703857422, 87.94373321533203], "val_acc_3month": [78.29536437988281, 82.8961410522461, 85.30400085449219, 86.07565307617188, 85.12442779541016, 86.95657348632812, 86.78764343261719, 86.26293182373047, 87.0829849243164, 86.54840850830078, 87.43603515625, 86.90972137451172, 86.84419250488281, 86.90534973144531, 87.25934600830078, 87.29698944091797, 87.19908142089844, 87.15988159179688, 86.91166687011719, 87.29328155517578, 87.15755462646484, 87.16619873046875, 87.10177612304688, 86.92131805419922, 87.10282897949219], "val_acc_4month": [78.63155364990234, 81.81393432617188, 85.64823913574219, 85.77278900146484, 85.24407958984375, 86.35530853271484, 86.47410583496094, 85.53453063964844, 86.25607299804688, 86.55255889892578, 86.72303771972656, 86.177001953125, 86.6747055053711, 86.49327087402344, 86.83702850341797, 86.63843536376953, 86.69996643066406, 86.1492919921875, 86.6469955444336, 86.83077239990234, 86.62492370605469, 86.49427795410156, 86.56194305419922, 86.26624298095703, 86.46762084960938], "val_acc_5month": [79.80960845947266, 81.30852508544922, 85.8595962524414, 83.7972412109375, 85.39694213867188, 84.87754821777344, 86.22319793701172, 85.64481353759766, 85.52374267578125, 86.415283203125, 86.58500671386719, 85.87425994873047, 86.53331756591797, 86.53421783447266, 86.41033935546875, 86.06504821777344, 86.21858978271484, 86.01605987548828, 85.93150329589844, 86.24325561523438, 86.4800033569336, 86.48770141601562, 86.32679748535156, 86.03279876708984, 86.24331665039062], "val_acc_6month": [78.97025299072266, 80.52971649169922, 84.68550109863281, 81.32758331298828, 85.40784454345703, 85.24712371826172, 85.6624755859375, 85.32731628417969, 85.59786224365234, 85.76342010498047, 86.08092498779297, 85.51378631591797, 86.46293640136719, 86.08502960205078, 86.39224243164062, 86.17376708984375, 86.21420288085938, 86.21217346191406, 85.77781677246094, 86.27127838134766, 86.21847534179688, 86.53080749511719, 86.26644897460938, 86.09700775146484, 86.03064727783203],